-- MySQL dump 10.13  Distrib 5.7.10, for osx10.11 (x86_64)
--
-- Host: 146.148.43.22    Database: main
-- ------------------------------------------------------
-- Server version	5.7.14-google-log

/*!40101 SET @OLD_CHARACTER_SET_CLIENT=@@CHARACTER_SET_CLIENT */;
/*!40101 SET @OLD_CHARACTER_SET_RESULTS=@@CHARACTER_SET_RESULTS */;
/*!40101 SET @OLD_COLLATION_CONNECTION=@@COLLATION_CONNECTION */;
/*!40101 SET NAMES utf8 */;
/*!40103 SET @OLD_TIME_ZONE=@@TIME_ZONE */;
/*!40103 SET TIME_ZONE='+00:00' */;
/*!40014 SET @OLD_UNIQUE_CHECKS=@@UNIQUE_CHECKS, UNIQUE_CHECKS=0 */;
/*!40014 SET @OLD_FOREIGN_KEY_CHECKS=@@FOREIGN_KEY_CHECKS, FOREIGN_KEY_CHECKS=0 */;
/*!40101 SET @OLD_SQL_MODE=@@SQL_MODE, SQL_MODE='NO_AUTO_VALUE_ON_ZERO' */;
/*!40111 SET @OLD_SQL_NOTES=@@SQL_NOTES, SQL_NOTES=0 */;
SET @MYSQLDUMP_TEMP_LOG_BIN = @@SESSION.SQL_LOG_BIN;
SET @@SESSION.SQL_LOG_BIN= 0;

--
-- GTID state at the beginning of the backup 
--

SET @@GLOBAL.GTID_PURGED='8028be90-75f2-11e6-824e-42010af007b6:1-10926296';

--
-- Temporary view structure for view `Events`
--

DROP TABLE IF EXISTS `Events`;
/*!50001 DROP VIEW IF EXISTS `Events`*/;
SET @saved_cs_client     = @@character_set_client;
SET character_set_client = utf8;
/*!50001 CREATE VIEW `Events` AS SELECT 
 1 AS `name`,
 1 AS `name_0`,
 1 AS `name_1`*/;
SET character_set_client = @saved_cs_client;

--
-- Table structure for table `admin`
--

DROP TABLE IF EXISTS `admin`;
/*!40101 SET @saved_cs_client     = @@character_set_client */;
/*!40101 SET character_set_client = utf8 */;
CREATE TABLE `admin` (
  `type` varchar(30) DEFAULT NULL,
  `value` varchar(50) DEFAULT NULL,
  UNIQUE KEY `type` (`type`,`value`)
) ENGINE=InnoDB DEFAULT CHARSET=utf8;
/*!40101 SET character_set_client = @saved_cs_client */;

--
-- Dumping data for table `admin`
--

LOCK TABLES `admin` WRITE;
/*!40000 ALTER TABLE `admin` DISABLE KEYS */;
INSERT INTO `admin` VALUES ('authorized_user','cariefanning@msn.com'),('authorized_user','familystrengthsnetwork@gmail.com'),('authorized_user','solwebsolutionsla@gmail.com'),('password','families18');
/*!40000 ALTER TABLE `admin` ENABLE KEYS */;
UNLOCK TABLES;

--
-- Table structure for table `communication`
--

DROP TABLE IF EXISTS `communication`;
/*!40101 SET @saved_cs_client     = @@character_set_client */;
/*!40101 SET character_set_client = utf8 */;
CREATE TABLE `communication` (
  `id` int(8) NOT NULL AUTO_INCREMENT,
  `name` varchar(30) DEFAULT NULL,
  `description` varchar(100) DEFAULT NULL,
  `display` tinyint(1) DEFAULT '1',
  PRIMARY KEY (`id`)
) ENGINE=InnoDB AUTO_INCREMENT=4 DEFAULT CHARSET=utf8;
/*!40101 SET character_set_client = @saved_cs_client */;

--
-- Dumping data for table `communication`
--

LOCK TABLES `communication` WRITE;
/*!40000 ALTER TABLE `communication` DISABLE KEYS */;
INSERT INTO `communication` VALUES (1,'FSN Newsletter - Biannual','Twice yearly publication mailed to houses',1),(2,'FSN Flash - Weekly Email','Weekly email',1),(3,'Chit-Chat - Weekly Email','Weekly email',1);
/*!40000 ALTER TABLE `communication` ENABLE KEYS */;
UNLOCK TABLES;

--
-- Table structure for table `communicationhash`
--

DROP TABLE IF EXISTS `communicationhash`;
/*!40101 SET @saved_cs_client     = @@character_set_client */;
/*!40101 SET character_set_client = utf8 */;
CREATE TABLE `communicationhash` (
  `communicationid` tinyint(4) DEFAULT NULL,
  `householdid` tinyint(4) DEFAULT NULL
) ENGINE=InnoDB DEFAULT CHARSET=utf8;
/*!40101 SET character_set_client = @saved_cs_client */;

--
-- Dumping data for table `communicationhash`
--

LOCK TABLES `communicationhash` WRITE;
/*!40000 ALTER TABLE `communicationhash` DISABLE KEYS */;
INSERT INTO `communicationhash` VALUES (1,17),(2,17),(1,127),(2,127),(2,81),(1,127),(2,127),(2,127),(3,127),(1,127),(2,127),(3,127),(1,127),(2,127),(3,127),(1,127),(2,127),(3,127),(2,127),(2,127),(1,127),(2,127),(1,0),(2,0),(3,0),(1,127),(2,127),(3,127),(1,127),(2,127),(3,127),(1,127),(2,127),(3,127),(1,127),(2,127),(3,127),(1,127),(2,127),(3,127),(1,127),(2,127),(1,127),(2,127),(1,127),(2,127),(3,127),(2,127),(1,127),(2,127),(1,127),(2,127),(1,127),(2,127),(1,127),(2,127),(2,127),(3,127),(1,127),(2,127),(3,127),(1,127),(2,127),(3,127),(3,127),(1,127),(3,127),(2,127),(1,127),(1,127),(2,127),(2,127),(2,127),(1,127),(2,127),(1,127),(2,127),(3,127);
/*!40000 ALTER TABLE `communicationhash` ENABLE KEYS */;
UNLOCK TABLES;

--
-- Table structure for table `ethnicity`
--

DROP TABLE IF EXISTS `ethnicity`;
/*!40101 SET @saved_cs_client     = @@character_set_client */;
/*!40101 SET character_set_client = utf8 */;
CREATE TABLE `ethnicity` (
  `id` int(11) NOT NULL AUTO_INCREMENT,
  `ethnicity` varchar(30) DEFAULT NULL,
  `display` tinyint(1) DEFAULT '1',
  PRIMARY KEY (`id`)
) ENGINE=InnoDB AUTO_INCREMENT=10 DEFAULT CHARSET=utf8;
/*!40101 SET character_set_client = @saved_cs_client */;

--
-- Dumping data for table `ethnicity`
--

LOCK TABLES `ethnicity` WRITE;
/*!40000 ALTER TABLE `ethnicity` DISABLE KEYS */;
INSERT INTO `ethnicity` VALUES (3,'Hispanic',1),(4,'Asian or Pacific Islander',1),(5,'Caucasian - Non Hispanic',1),(6,'Native American Indian',1),(7,'Black',1),(8,'Multi-Racial',1),(9,'Other',1);
/*!40000 ALTER TABLE `ethnicity` ENABLE KEYS */;
UNLOCK TABLES;

--
-- Table structure for table `event`
--

DROP TABLE IF EXISTS `event`;
/*!40101 SET @saved_cs_client     = @@character_set_client */;
/*!40101 SET character_set_client = utf8 */;
CREATE TABLE `event` (
  `id` int(11) NOT NULL AUTO_INCREMENT,
  `name` varchar(100) DEFAULT NULL,
  `description` text,
  `highlight` tinyint(1) DEFAULT NULL,
  `archive` tinyint(1) DEFAULT NULL,
  `instructor` varchar(40) DEFAULT NULL,
  `cost` varchar(10) DEFAULT NULL,
  `modified` datetime DEFAULT NULL ON UPDATE CURRENT_TIMESTAMP,
  `created` datetime DEFAULT CURRENT_TIMESTAMP,
  `alwaysshow` tinyint(1) DEFAULT NULL,
  PRIMARY KEY (`id`)
) ENGINE=InnoDB AUTO_INCREMENT=41 DEFAULT CHARSET=utf8;
/*!40101 SET character_set_client = @saved_cs_client */;

--
-- Dumping data for table `event`
--

LOCK TABLES `event` WRITE;
/*!40000 ALTER TABLE `event` DISABLE KEYS */;
INSERT INTO `event` VALUES (1,'Family Yoga','Do some Yoga!          ',1,1,'Sara Gustafson','10',NULL,'2017-01-09 19:35:45',0),(2,'Toddler Tunes','Play music with Mr. Greg!   ',0,0,'Greg Scheider','0',NULL,'2017-01-09 19:36:09',0),(4,'Love and Logic: Elementary','Becoming a Love and Logic Parent is an evidence-based course designed to help you raise self-reliant children. The Instructor for these courses is Michelangelo Lobato Michelangelo is the former Teen Center Director and current Chamisa Elementary Counselor. \r\n\r\nRaise children who are self-confident, motivated, and ready for the real world with this win-win approach to parenting. Your children win because they will learn to solve their own problems. You win because you establish healthy control - without resorting to anger, threats, and nagging or exhaust- ing power struggles. Find specific answers to common child rearing challenges. This class is funded by JJAB.',0,0,'Michelangelo Lobato','0',NULL,'2017-01-09 20:11:31',0),(5,'Social Time','Come chat and hang out.',0,0,'','0',NULL,'2017-01-09 19:40:44',0),(6,'Outdoor Play Day','',0,0,'Burgandy','0',NULL,'2016-11-28 19:51:14',0),(7,'Family Resource Center','',0,0,'','0',NULL,'2016-10-20 13:35:12',1),(8,'Birth Talk','A community circle for pregnant women and mothers. Our circle is a safe space to learn and share experiences of birth. First Mondays of every month.',0,0,'Erin Tatge and Karen Brown','0',NULL,'2017-01-09 19:44:29',0),(9,'Love and Logic: High School','In this class, we will discuss specific answers to common challenges that arise in raising teens.',0,0,'Michaelangelo Lobato','0',NULL,'2017-01-09 20:06:23',0),(10,'Love and Logic: Early Childhood','Learn to respond to temper tantrums and set boundaries. We will discuss putting an end to misbehavior in public, smoothing out daily routines and calming sibling battles. There will be time built into class to meet other parents and learn what has and hasn\'t worked for them.',0,0,'Amy Canzona','20',NULL,'2016-10-18 15:24:04',NULL),(11,'Love and Logic:LAMS','In this class, we will discuss specific answers to common challenges of parenting teens.',0,0,'','0',NULL,'2017-01-09 20:08:44',0),(12,'Fire Safety Day','Children will practice basic fire safety skills and do an obstacle course! ',0,0,'Los Alamos Fire Dept.','0',NULL,'2016-10-15 17:45:09',NULL),(13,'Gingerbread House Building: Toddler','Annual Gingerbread house building for toddlers with graham crackers and decorating material.',0,0,'Beth Bowman','10',NULL,'2016-11-07 17:40:53',0),(14,'Gingerbread House Building: Elementary ','Kids are supplies with a house building kit and decorating material.',0,0,'Beth Bowman','0',NULL,'2016-10-15 17:49:37',NULL),(15,'Gingerbread House Building: Teens and Adults','Will be supplied with a house building kit and decorating material.',0,0,'Beth Bowman','0',NULL,'2016-10-15 17:58:58',NULL),(16,'Cooperative Extension Classes','',0,0,'Helen Idzorek','0',NULL,'2017-01-09 20:00:40',0),(18,'Clothing/ Small Item Swap','Join us for our Biannual swap. Bring in things that are no longer useful and in good shape but you no longer need. bring home new treasures.',0,0,'','0',NULL,'2016-11-28 19:55:39',0),(19,'Cookie Exchange','Find your favorite recipe and mark your calendar for our annual winter cookie exchange. Come with one variety of cookie, leave with several.',0,0,'','0',NULL,'2016-11-28 19:55:11',0),(20,'Beginning Chinese','This class is for you and your child. Catherine will help students build a base in Chinese language, as well as teach them about culture. ',0,0,'Catherine Cai','10',NULL,'2017-01-20 17:29:42',0),(21,'Special Saturdays','Special Saturdays is for children with developmental or physical special needs. Each session includes activities and snacks. Financial Aid available!',0,0,'Andrea Lynch & Ashley Sullivan','0',NULL,'2017-01-09 20:04:21',0),(22,'Sphere Mama Yoga Classes','Certified yoga instructor with specialized training in prenatal and postnatal yoga. Prenatal and Infant yoga offered at FSN',0,0,'Christa Tyson','100',NULL,'2017-01-09 19:48:59',0),(23,'Working Parents Group','Over dinner make connections with other parents that work outside the home. Childcare provided for $5 per child.',0,0,'Alyssa Reeves','20',NULL,'2017-01-09 19:53:07',0),(24,'Autism Support Group','An informal support group for parents, friends and family of autistic children and adults.',0,0,'Sara Baca, NMAS','0',NULL,'2016-10-17 18:00:45',NULL),(25,'Financial Peace University','Ten-week class will walk you through budgeting, dumping debit, planning for the future and much more. This program was created by Dave Ramsey to help people avoid financial stress.',0,0,'Terra & Dave Hite, Dan & Amber Rushton','100',NULL,'2016-10-17 18:07:26',NULL),(26,'International Potluck','Bring a dish from your hometown, your signature potluck dish, or just pick up something prepared. All ages welcome!',0,0,'','0',NULL,'2016-11-28 19:52:15',0),(27,'Toddler Craft','FSN\'s monthly crafts are a pleasure for grown-ups and kids!',0,0,'Burgandy Brock','0',NULL,'2017-01-09 19:50:45',0),(28,'Beth Ladino Library','',0,0,'','0',NULL,'2016-10-20 13:35:01',1),(29,'Toy Lending Library','',0,0,'','0',NULL,'2016-10-20 13:35:06',1),(30,'Chit Chat ','',0,0,'','0',NULL,'2017-01-20 20:44:27',0),(31,'Homeschool Halloween Party','',0,0,'','0',NULL,'2016-10-21 16:50:12',0),(32,'Outside Programs','',0,0,'','0',NULL,'2016-11-07 17:43:23',0),(33,'Ketivan Academy','',0,0,'','0',NULL,'2016-10-21 17:04:08',0),(34,'Knit and Crochet','',0,0,'','0',NULL,'2017-01-09 19:52:43',0),(35,'Holiday Story Time','',0,0,'Samara Fellows','0',NULL,'2016-12-15 20:11:02',0),(36,'Holiday Story Time','',0,0,'Samara Fellows','0',NULL,'2016-12-15 20:12:08',0),(37,'Homeschool Party','',0,0,'','0',NULL,'2017-01-09 19:53:49',0),(38,'CPR','',0,0,'','0',NULL,'2017-01-09 19:54:21',0),(39,'Triath-a-Toddle','',0,0,'Lissie','0',NULL,'2017-01-09 19:58:38',0),(40,'Stories with Samara','',0,0,'','0',NULL,'2017-01-13 17:19:06',0);
/*!40000 ALTER TABLE `event` ENABLE KEYS */;
UNLOCK TABLES;

--
-- Table structure for table `eventinstance`
--

DROP TABLE IF EXISTS `eventinstance`;
/*!40101 SET @saved_cs_client     = @@character_set_client */;
/*!40101 SET character_set_client = utf8 */;
CREATE TABLE `eventinstance` (
  `id` int(11) NOT NULL AUTO_INCREMENT,
  `sessionid` int(11) DEFAULT NULL,
  `eventid` int(11) DEFAULT NULL,
  `date` date DEFAULT NULL,
  `starttime` time DEFAULT NULL,
  `endtime` time DEFAULT NULL,
  `instructor` varchar(40) DEFAULT NULL,
  `cost` float DEFAULT NULL,
  `notes` text,
  `deleted` tinyint(1) DEFAULT NULL,
  `cancel` tinyint(1) DEFAULT NULL,
  `created` datetime DEFAULT CURRENT_TIMESTAMP,
  `modified` datetime DEFAULT NULL ON UPDATE CURRENT_TIMESTAMP,
  `name` varchar(50) DEFAULT NULL,
  PRIMARY KEY (`id`)
) ENGINE=InnoDB AUTO_INCREMENT=286 DEFAULT CHARSET=utf8;
/*!40101 SET character_set_client = @saved_cs_client */;

--
-- Dumping data for table `eventinstance`
--

LOCK TABLES `eventinstance` WRITE;
/*!40000 ALTER TABLE `eventinstance` DISABLE KEYS */;
INSERT INTO `eventinstance` VALUES (9,NULL,1,'2016-10-11','00:00:00','10:30:00','',0,'',0,0,'2017-01-09 19:35:45',NULL,''),(10,NULL,1,'2016-10-18','00:00:00','10:30:00','',0,'',0,0,'2017-01-09 19:35:45',NULL,''),(11,NULL,1,'2016-10-25','00:00:00','10:30:00','',0,'',0,0,'2017-01-09 19:35:45',NULL,''),(12,NULL,1,'2016-11-01','00:00:00','10:30:00','',0,'',0,0,'2017-01-09 19:35:45',NULL,''),(13,NULL,2,'2016-10-12','10:00:00','11:00:00','',0,'',0,0,'2017-01-09 19:36:09',NULL,''),(14,NULL,2,'2016-11-02','10:00:00','11:00:00','',0,'',0,0,'2017-01-09 19:36:09',NULL,''),(15,NULL,2,'2017-01-11','10:00:00','11:00:00','',0,'',0,0,'2017-01-09 19:36:09',NULL,''),(22,4,4,'2016-10-11','18:30:00','20:30:00','',0,'',0,0,'2017-01-09 20:11:31',NULL,''),(23,4,4,'2016-10-18','18:30:00','20:30:00','',0,'',0,0,'2017-01-09 20:11:31',NULL,''),(24,4,4,'2016-10-25','18:30:00','20:30:00','',0,'',0,0,'2017-01-09 20:11:31',NULL,''),(25,4,4,'2016-10-25','18:30:00','20:30:00','',0,'',0,0,'2017-01-09 20:11:31',NULL,''),(26,4,4,'2016-11-01','18:30:00','20:30:00','',0,'',0,0,'2017-01-09 20:11:31',NULL,''),(27,4,4,'2016-11-08','18:30:00','20:30:00','',0,'',0,0,'2017-01-09 20:11:31',NULL,''),(28,NULL,5,'2016-10-11','10:30:00','11:30:00','',0,'',0,0,'2017-01-09 19:40:44',NULL,''),(29,NULL,5,'2016-10-13','10:30:00','11:30:00','',0,'',0,0,'2017-01-09 19:40:44',NULL,''),(30,NULL,5,'2016-10-18','10:30:00','11:30:00','',0,'',0,0,'2017-01-09 19:40:44',NULL,''),(31,NULL,5,'2016-10-20','10:30:00','11:30:00','',0,'',0,0,'2017-01-09 19:40:44',NULL,''),(32,NULL,5,'2016-10-25','10:30:00','11:30:00','',0,'',0,0,'2017-01-09 19:40:44',NULL,''),(33,NULL,5,'2016-10-27','10:30:00','11:30:00','',0,'',0,0,'2017-01-09 19:40:44',NULL,''),(34,NULL,5,'2016-11-01','10:30:00','11:30:00','',0,'',0,0,'2017-01-09 19:40:44',NULL,''),(35,NULL,5,'2016-11-03','10:30:00','11:30:00','',0,'',0,0,'2017-01-09 19:40:44',NULL,''),(36,NULL,5,'2016-11-08','10:30:00','11:30:00','',0,'',0,0,'2017-01-09 19:40:45',NULL,''),(37,NULL,5,'2016-11-10','10:30:00','11:30:00','',0,'',0,0,'2017-01-09 19:40:45',NULL,''),(38,NULL,6,'2016-10-14','10:30:00','11:30:00','',0,'',0,0,'2016-11-28 19:51:14',NULL,'Fall Collage'),(39,NULL,8,'2016-08-01','18:30:00','20:00:00','',0,'',0,0,'2017-01-09 19:44:29',NULL,''),(40,NULL,8,'2016-09-05','18:30:00','20:00:00','',0,'',0,0,'2017-01-09 19:44:29',NULL,''),(41,NULL,8,'2016-10-03','18:30:00','20:00:00','',0,'',0,0,'2017-01-09 19:44:29',NULL,''),(42,NULL,8,'2016-11-07','18:30:00','20:00:00','',0,'',0,0,'2017-01-09 19:44:29',NULL,''),(43,NULL,8,'2016-12-05','18:30:00','20:00:00','',0,'',0,0,'2017-01-09 19:44:29',NULL,''),(44,NULL,8,'2017-01-09','18:30:00','20:00:00','',0,'',0,0,'2017-01-09 19:44:29',NULL,''),(45,NULL,8,'2017-02-06','18:30:00','20:00:00','',0,'',0,0,'2017-01-09 19:44:29',NULL,''),(46,NULL,8,'2017-03-06','18:30:00','20:00:00','',0,'',0,0,'2017-01-09 19:44:29',NULL,''),(47,NULL,8,'2017-04-03','18:30:00','20:00:00','',0,'',0,0,'2017-01-09 19:44:29',NULL,''),(48,NULL,8,'2017-05-01','18:30:00','20:00:00','',0,'',0,0,'2017-01-09 19:44:29',NULL,''),(49,NULL,8,'2016-06-06','18:30:00','20:00:00','',0,'',0,0,'2017-01-09 19:44:29',NULL,''),(50,5,9,'2016-10-01','00:00:00','10:30:00','',0,'',0,0,'2017-01-09 20:06:23',NULL,''),(51,5,9,'2016-10-08','00:00:00','10:30:00','',0,'',0,0,'2017-01-09 20:06:23',NULL,''),(52,5,9,'2016-10-15','00:00:00','10:30:00','',0,'',0,0,'2017-01-09 20:06:23',NULL,''),(53,5,9,'2016-10-22','00:00:00','10:30:00','',0,'',0,0,'2017-01-09 20:06:23',NULL,''),(54,5,9,'2016-10-29','00:00:00','10:30:00','',0,'',0,0,'2017-01-09 20:06:23',NULL,''),(55,6,10,'2016-10-20','18:00:00','19:30:00','',0,'',0,0,'2016-10-18 15:24:04',NULL,NULL),(56,6,10,'2016-10-27','18:00:00','19:30:00','',0,'',0,0,'2016-10-18 15:24:04',NULL,NULL),(57,6,10,'2016-11-03','18:00:00','19:30:00','',0,'',0,0,'2016-10-18 15:24:04',NULL,NULL),(58,6,10,'2016-11-10','18:00:00','19:30:00','',0,'',0,0,'2016-10-18 15:24:04',NULL,NULL),(59,6,10,'2016-11-17','18:00:00','19:30:00','',0,'',0,0,'2016-10-18 15:24:04',NULL,NULL),(60,7,11,'2016-11-05','00:00:00','10:30:00','',0,'',0,0,'2017-01-09 20:08:44',NULL,''),(61,7,11,'2016-11-19','00:00:00','10:30:00','',0,'',0,0,'2017-01-09 20:08:44',NULL,''),(62,7,11,'2016-12-03','00:00:00','10:30:00','',0,'',0,0,'2017-01-09 20:08:44',NULL,''),(63,7,11,'2016-12-10','00:00:00','10:30:00','',0,'',0,0,'2017-01-09 20:08:44',NULL,''),(64,7,11,'2016-12-17','00:00:00','10:30:00','',0,'',0,0,'2017-01-09 20:08:44',NULL,''),(65,NULL,12,'2016-10-26','10:30:00','12:00:00','',0,'',0,0,'2016-10-15 17:45:09',NULL,NULL),(66,NULL,13,'2016-12-07','10:30:00','00:00:00','',0,'',0,0,'2016-11-07 17:40:53',NULL,''),(67,NULL,14,'2016-12-07','13:30:00','15:00:00','',0,'',0,0,'2016-10-15 17:49:37',NULL,NULL),(68,NULL,14,'2016-12-14','13:30:00','15:00:00','',0,'',0,0,'2016-10-15 17:49:37',NULL,NULL),(69,NULL,15,'2016-12-09','16:00:00','18:00:00','',0,'',0,0,'2016-10-15 17:58:58',NULL,NULL),(70,NULL,16,'2016-10-20','10:30:00','12:00:00','',0,'Learn sewing basics to save money and make your family\'s clothes last longer.',0,0,'2017-01-09 20:00:40',NULL,'Mending'),(71,NULL,17,'2016-11-17','10:30:00','12:00:00','',0,'',0,1,'2016-11-16 17:56:44',NULL,''),(72,NULL,18,'2016-12-20','10:30:00','13:00:00','',0,'',0,0,'2016-11-28 19:55:39',NULL,''),(73,NULL,18,'2016-12-21','09:00:00','15:00:00','',0,'',0,0,'2016-11-28 19:55:39',NULL,''),(74,NULL,18,'2016-12-22','09:00:00','11:30:00','',0,'',0,0,'2016-11-28 19:55:39',NULL,''),(75,NULL,19,'2016-12-20','10:30:00','12:00:00','',0,'',0,0,'2016-11-28 19:55:11',NULL,''),(76,NULL,20,'2016-09-09','10:30:00','11:15:00','',0,'',0,0,'2017-01-09 19:44:04',NULL,''),(77,NULL,20,'2016-09-16','10:30:00','11:15:00','',0,'',0,0,'2017-01-09 19:44:04',NULL,''),(78,NULL,20,'2016-09-23','10:30:00','11:15:00','',0,'',0,0,'2017-01-09 19:44:04',NULL,''),(79,NULL,20,'2016-09-30','10:30:00','11:15:00','',0,'',0,0,'2017-01-09 19:44:04',NULL,''),(80,NULL,20,'2016-10-07','10:30:00','11:15:00','',0,'',0,0,'2017-01-09 19:44:04',NULL,''),(81,NULL,20,'2016-10-21','10:30:00','11:15:00','',0,'',0,0,'2017-01-09 19:44:04',NULL,''),(82,NULL,20,'2016-10-28','10:30:00','11:15:00','',0,'',0,0,'2017-01-09 19:44:04',NULL,''),(83,NULL,20,'2016-11-04','10:30:00','11:15:00','',0,'',0,0,'2017-01-09 19:44:04',NULL,''),(84,NULL,20,'2016-11-11','10:30:00','11:15:00','',0,'',0,1,'2017-01-09 19:44:04',NULL,''),(85,NULL,20,'2016-11-18','10:30:00','11:15:00','',0,'',0,1,'2017-01-09 19:44:04',NULL,''),(86,NULL,20,'2016-11-25','10:30:00','11:15:00','',0,'',0,1,'2017-01-09 19:44:04',NULL,''),(87,8,21,'2016-09-10','10:00:00','12:00:00','',0,'',0,0,'2017-01-09 20:04:21',NULL,''),(88,9,21,'2016-10-29','10:00:00','12:00:00','',0,'',0,0,'2017-01-09 20:04:21',NULL,''),(89,10,21,'2016-11-19','10:00:00','12:00:00','',0,'',0,0,'2017-01-09 20:04:21',NULL,''),(90,11,22,'2016-10-07','00:00:00','00:00:00','',0,'',0,0,'2017-01-09 19:48:59',NULL,''),(91,11,22,'2016-10-14','00:00:00','00:00:00','',0,'',0,0,'2017-01-09 19:48:59',NULL,''),(92,11,22,'2016-10-21','00:00:00','00:00:00','',0,'',0,0,'2017-01-09 19:48:59',NULL,''),(93,11,22,'2016-10-28','00:00:00','00:00:00','',0,'',0,0,'2017-01-09 19:48:59',NULL,''),(94,11,22,'2016-11-04','00:00:00','00:00:00','',0,'',0,0,'2017-01-09 19:48:59',NULL,''),(95,11,22,'2016-11-11','00:00:00','00:00:00','',0,'',0,0,'2017-01-09 19:48:59',NULL,''),(96,11,22,'2016-11-18','00:00:00','00:00:00','',0,'',0,0,'2017-01-09 19:48:59',NULL,''),(97,11,22,'2016-11-25','00:00:00','00:00:00','',0,'',0,1,'2017-01-09 19:48:59',NULL,''),(98,12,22,'2016-10-07','10:00:00','10:30:00','',0,'',0,0,'2017-01-09 19:48:59',NULL,''),(99,12,22,'2016-10-14','10:00:00','10:30:00','',0,'',0,0,'2017-01-09 19:48:59',NULL,''),(100,12,22,'2016-10-21','10:00:00','10:30:00','',0,'',0,0,'2017-01-09 19:48:59',NULL,''),(101,12,22,'2016-10-28','10:00:00','10:30:00','',0,'',0,0,'2017-01-09 19:48:59',NULL,''),(102,12,22,'2016-11-04','10:00:00','10:30:00','',0,'',0,0,'2017-01-09 19:48:59',NULL,''),(103,12,22,'2016-11-11','10:00:00','10:30:00','',0,'',0,0,'2017-01-09 19:48:59',NULL,''),(104,12,22,'2016-11-18','10:00:00','10:30:00','',0,'',0,0,'2017-01-09 19:48:59',NULL,''),(105,12,22,'2016-11-25','10:00:00','10:30:00','',0,'',0,1,'2017-01-09 19:48:59',NULL,''),(106,NULL,23,'2016-08-20','17:00:00','20:00:00','',0,'',0,0,'2017-01-09 19:53:07',NULL,''),(107,NULL,23,'2016-09-17','17:00:00','20:00:00','',0,'',0,0,'2017-01-09 19:53:07',NULL,''),(108,NULL,23,'2016-10-15','17:00:00','20:00:00','',0,'',0,0,'2017-01-09 19:53:07',NULL,''),(109,NULL,23,'2016-11-19','17:00:00','20:00:00','',0,'',0,0,'2017-01-09 19:53:07',NULL,''),(110,NULL,23,'2016-12-17','17:00:00','20:00:00','',0,'',0,1,'2017-01-09 19:53:07',NULL,''),(111,NULL,23,'2017-01-21','17:00:00','20:00:00','',0,'',0,0,'2017-01-09 19:53:07',NULL,''),(112,NULL,23,'2017-02-18','17:00:00','20:00:00','',0,'',0,0,'2017-01-09 19:53:07',NULL,''),(113,NULL,23,'2017-03-18','17:00:00','20:00:00','',0,'',0,0,'2017-01-09 19:53:07',NULL,''),(114,NULL,23,'2017-04-15','17:00:00','20:00:00','',0,'',0,0,'2017-01-09 19:53:07',NULL,''),(115,NULL,23,'2017-05-20','17:00:00','20:00:00','',0,'',0,0,'2017-01-09 19:53:07',NULL,''),(116,NULL,23,'2017-06-17','17:00:00','20:00:00','',0,'',0,0,'2017-01-09 19:53:07',NULL,''),(117,NULL,24,'2016-08-15','18:00:00','19:30:00','',0,'',0,0,'2016-10-17 18:00:45',NULL,NULL),(118,NULL,24,'2016-09-19','18:00:00','19:30:00','',0,'',0,0,'2016-10-17 18:00:45',NULL,NULL),(119,NULL,24,'2016-10-17','18:00:00','19:30:00','',0,'',0,0,'2016-10-17 18:00:45',NULL,NULL),(120,NULL,24,'2016-11-21','18:00:00','19:30:00','',0,'',0,0,'2016-10-17 18:00:45',NULL,NULL),(121,NULL,24,'2016-12-19','18:00:00','19:30:00','',0,'',0,0,'2016-10-17 18:00:45',NULL,NULL),(122,NULL,24,'2017-01-16','18:00:00','19:30:00','',0,'',0,0,'2016-10-17 18:00:45',NULL,NULL),(123,NULL,24,'2017-02-20','18:00:00','19:30:00','',0,'',0,0,'2016-10-17 18:00:45',NULL,NULL),(124,NULL,24,'2017-03-20','18:00:00','19:30:00','',0,'',0,0,'2016-10-17 18:00:45',NULL,NULL),(125,NULL,24,'2017-04-17','18:00:00','19:30:00','',0,'',0,0,'2016-10-17 18:00:45',NULL,NULL),(126,NULL,24,'2017-05-15','18:00:00','19:30:00','',0,'',0,0,'2016-10-17 18:00:46',NULL,NULL),(127,NULL,24,'2017-06-19','18:00:00','19:30:00','',0,'',0,0,'2016-10-17 18:00:46',NULL,NULL),(128,NULL,24,'2017-07-17','18:00:00','19:30:00','',0,'',0,0,'2016-10-17 18:00:46',NULL,NULL),(129,NULL,25,'2016-09-08','18:00:00','20:00:00','',0,'',0,0,'2016-10-17 18:07:26',NULL,NULL),(130,NULL,25,'2016-09-15','18:00:00','20:00:00','',0,'',0,0,'2016-10-17 18:07:26',NULL,NULL),(131,NULL,25,'2016-09-22','18:00:00','20:00:00','',0,'',0,0,'2016-10-17 18:07:26',NULL,NULL),(132,NULL,25,'2016-09-29','18:00:00','20:00:00','',0,'',0,0,'2016-10-17 18:07:26',NULL,NULL),(133,NULL,25,'2016-10-06','18:00:00','20:00:00','',0,'',0,0,'2016-10-17 18:07:26',NULL,NULL),(134,NULL,25,'2016-10-13','18:00:00','20:00:00','',0,'',0,0,'2016-10-17 18:07:26',NULL,NULL),(135,NULL,25,'2016-10-20','18:00:00','20:00:00','',0,'',0,0,'2016-10-17 18:07:26',NULL,NULL),(136,NULL,25,'2016-10-27','18:00:00','20:00:00','',0,'',0,0,'2016-10-17 18:07:26',NULL,NULL),(137,NULL,25,'2016-11-03','18:00:00','20:00:00','',0,'',0,0,'2016-10-17 18:07:26',NULL,NULL),(138,NULL,25,'2016-11-10','18:00:00','20:00:00','',0,'',0,0,'2016-10-17 18:07:26',NULL,NULL),(139,NULL,26,'2016-09-13','11:30:00','13:00:00','',0,'',0,0,'2016-11-28 19:52:15',NULL,''),(140,NULL,26,'2016-10-14','11:30:00','13:00:00','',0,'',0,0,'2016-11-28 19:52:15',NULL,''),(141,NULL,27,'2016-09-13','10:30:00','11:30:00','',0,'Space Day',0,0,'2017-01-09 19:50:45',NULL,''),(142,NULL,27,'2016-10-11','10:30:00','11:30:00','',0,'Up, Up and Away',0,0,'2017-01-09 19:50:46',NULL,''),(143,NULL,27,'2016-11-08','10:30:00','11:30:00','',0,'Talking Turkeys',0,0,'2017-01-09 19:50:46',NULL,''),(144,13,30,'2016-10-19','00:00:00','10:15:00','',0,'',0,0,'2017-01-09 19:52:03',NULL,''),(145,13,30,'2016-11-16','00:00:00','10:15:00','',0,'',0,0,'2017-01-09 19:52:03',NULL,''),(146,13,30,'2016-12-21','00:00:00','10:15:00','',0,'',0,0,'2017-01-09 19:52:03',NULL,''),(147,13,30,'2017-01-18','00:00:00','10:15:00','',0,'',0,0,'2017-01-09 19:52:03',NULL,''),(148,13,30,'2017-02-15','00:00:00','10:15:00','',0,'',0,0,'2017-01-09 19:52:03',NULL,''),(149,13,30,'2017-03-15','00:00:00','10:15:00','',0,'',0,0,'2017-01-09 19:52:03',NULL,''),(150,13,30,'2017-04-19','00:00:00','10:15:00','',0,'',0,0,'2017-01-09 19:52:03',NULL,''),(151,13,30,'2017-05-17','00:00:00','10:15:00','',0,'',0,0,'2017-01-09 19:52:03',NULL,''),(152,13,30,'2017-06-21','00:00:00','10:15:00','',0,'',0,0,'2017-01-09 19:52:03',NULL,''),(153,14,30,'2016-10-17','10:30:00','12:00:00','',0,'',0,0,'2017-01-09 19:52:03',NULL,''),(154,14,30,'2016-11-16','10:30:00','12:00:00','',0,'',0,0,'2017-01-09 19:52:03',NULL,''),(155,14,30,'2016-12-21','10:30:00','12:00:00','',0,'',0,0,'2017-01-09 19:52:03',NULL,''),(156,14,30,'2017-01-18','10:30:00','12:00:00','',0,'',0,0,'2017-01-09 19:52:03',NULL,''),(157,14,30,'2017-02-15','10:30:00','12:00:00','',0,'',0,0,'2017-01-09 19:52:03',NULL,''),(158,14,30,'2017-03-15','10:30:00','12:00:00','',0,'',0,0,'2017-01-09 19:52:03',NULL,''),(159,14,30,'2017-04-19','10:30:00','12:00:00','',0,'',0,0,'2017-01-09 19:52:03',NULL,''),(160,14,30,'2017-05-17','10:30:00','12:00:00','',0,'',0,0,'2017-01-09 19:52:03',NULL,''),(161,14,30,'2017-06-21','10:30:00','12:00:00','',0,'',0,0,'2017-01-09 19:52:03',NULL,''),(162,15,30,'2016-10-10','17:15:00','20:00:00','',0,'',0,0,'2017-01-09 19:52:03',NULL,''),(163,15,30,'2016-10-24','17:15:00','20:00:00','',0,'',0,0,'2017-01-09 19:52:03',NULL,''),(164,16,30,'2016-09-07','17:15:00','20:00:00','',0,'',0,0,'2017-01-09 19:52:03',NULL,''),(165,17,30,'2016-10-21','10:00:00','00:00:00','',0,'',0,0,'2017-01-09 19:52:03',NULL,'Eco Station'),(166,17,30,'2016-10-22','10:00:00','00:00:00','',0,'',0,0,'2017-01-09 19:52:03',NULL,'Eco Station'),(167,NULL,2,'2017-02-01','10:00:00','11:00:00','',0,'',0,0,'2017-01-09 19:36:09',NULL,''),(168,NULL,2,'2017-03-01','10:00:00','11:00:00','',0,'',0,0,'2017-01-09 19:36:09',NULL,''),(169,NULL,2,'2017-04-05','10:00:00','11:00:00','',0,'',0,0,'2017-01-09 19:36:09',NULL,''),(170,NULL,2,'2017-05-03','10:00:00','11:00:00','',0,'',0,0,'2017-01-09 19:36:09',NULL,''),(171,NULL,2,'2017-06-07','10:00:00','11:00:00','',0,'',0,0,'2017-01-09 19:36:09',NULL,''),(172,NULL,6,'2016-10-28','11:00:00','13:00:00','',0,'',0,0,'2016-11-28 19:51:14',NULL,'Fall Party'),(173,NULL,6,'2016-11-11','00:00:00','00:00:00','',0,'',1,0,'2016-11-28 19:51:14',NULL,''),(174,NULL,6,'2016-11-25','00:00:00','00:00:00','',0,'',1,0,'2016-11-28 19:51:14',NULL,''),(175,NULL,6,'2016-12-09','10:30:00','11:30:00','',0,'',0,0,'2016-11-28 19:51:14',NULL,''),(176,NULL,6,'2016-12-23','00:00:00','00:00:00','',0,'',0,0,'2016-11-28 19:51:14',NULL,''),(177,NULL,1,'2016-11-08','00:00:00','10:30:00','',0,'',0,0,'2017-01-09 19:35:45',NULL,''),(178,NULL,1,'2016-11-15','00:00:00','10:30:00','',0,'',0,0,'2017-01-09 19:35:45',NULL,''),(179,NULL,1,'2016-11-29','00:00:00','10:30:00','',0,'',0,0,'2017-01-09 19:35:45',NULL,''),(180,NULL,1,'2016-12-06','00:00:00','10:30:00','',0,'',0,0,'2017-01-09 19:35:45',NULL,''),(181,NULL,1,'2016-12-13','00:00:00','10:30:00','',0,'',0,1,'2017-01-09 19:35:45',NULL,''),(182,NULL,1,'2016-12-20','00:00:00','10:30:00','',0,'',0,1,'2017-01-09 19:35:45',NULL,''),(183,NULL,31,'2016-10-21','11:30:00','13:00:00','',0,'',0,0,'2016-10-21 16:50:12',NULL,''),(184,18,32,'2016-09-14','18:00:00','20:00:00','',0,'',0,0,'2016-11-07 17:43:23',NULL,'Making Math Fun'),(185,18,32,'2016-10-22','00:00:00','13:00:00','',0,'',0,0,'2016-11-07 17:43:23',NULL,'The Developing Brain'),(186,18,32,'2016-11-05','08:30:00','16:30:00','',0,'',0,0,'2016-11-07 17:43:23',NULL,'TTAP'),(187,19,33,'2016-09-14','12:30:00','16:00:00','',0,'',0,0,'2016-10-21 17:04:08',NULL,''),(188,19,33,'2016-10-05','12:30:00','16:00:00','',0,'',0,0,'2016-10-21 17:04:08',NULL,''),(189,19,33,'2016-11-02','12:30:00','16:00:00','',0,'',0,0,'2016-10-21 17:04:08',NULL,''),(190,19,33,'2016-11-06','12:30:00','16:00:00','',0,'',0,0,'2016-10-21 17:04:08',NULL,''),(191,NULL,34,'2016-11-03','13:30:00','15:00:00','',0,'',0,0,'2017-01-09 19:52:43',NULL,''),(192,NULL,34,'2016-12-01','13:30:00','15:00:00','',0,'',0,0,'2017-01-09 19:52:43',NULL,''),(193,NULL,16,'2016-11-17','10:30:00','12:00:00','',0,'',0,0,'2017-01-09 20:00:40',NULL,'High Altitude Cooking'),(194,NULL,5,'2016-11-15','10:30:00','11:30:00','',0,'',0,0,'2017-01-09 19:40:45',NULL,''),(195,NULL,5,'2016-11-17','10:30:00','11:30:00','',0,'',0,0,'2017-01-09 19:40:45',NULL,''),(196,NULL,5,'2016-11-29','10:30:00','11:30:00','',0,'',0,0,'2017-01-09 19:40:45',NULL,''),(197,NULL,5,'2016-12-01','10:30:00','11:30:00','',0,'',0,0,'2017-01-09 19:40:45',NULL,''),(198,NULL,5,'2016-12-06','10:30:00','11:30:00','',0,'',0,0,'2017-01-09 19:40:45',NULL,''),(199,NULL,5,'2016-12-08','10:30:00','11:30:00','',0,'',0,0,'2017-01-09 19:40:45',NULL,''),(200,NULL,5,'2016-12-13','10:30:00','11:30:00','',0,'',0,0,'2017-01-09 19:40:45',NULL,''),(201,NULL,5,'2016-12-15','10:30:00','11:30:00','',0,'',0,0,'2017-01-09 19:40:45',NULL,''),(202,NULL,5,'2016-12-20','10:30:00','11:30:00','',0,'',0,0,'2017-01-09 19:40:45',NULL,''),(203,NULL,5,'2016-12-22','10:30:00','11:30:00','',0,'',0,0,'2017-01-09 19:40:45',NULL,''),(204,NULL,5,'2017-01-10','10:30:00','11:30:00','',0,'',0,0,'2017-01-09 19:40:45',NULL,''),(205,NULL,5,'2017-01-12','10:30:00','11:30:00','',0,'',0,0,'2017-01-09 19:40:45',NULL,''),(206,NULL,5,'2017-01-17','10:30:00','11:30:00','',0,'',0,0,'2017-01-09 19:40:45',NULL,''),(207,NULL,5,'2017-01-19','10:30:00','11:30:00','',0,'',0,0,'2017-01-09 19:40:45',NULL,''),(208,11,22,'2016-12-02','00:00:00','00:00:00','',0,'',0,0,'2017-01-09 19:48:59',NULL,''),(209,11,22,'2016-12-09','00:00:00','00:00:00','',0,'',0,0,'2017-01-09 19:48:59',NULL,''),(210,11,22,'2016-12-16','00:00:00','00:00:00','',0,'',0,0,'2017-01-09 19:48:59',NULL,''),(211,11,22,'2016-12-23','00:00:00','00:00:00','',0,'',0,0,'2017-01-09 19:48:59',NULL,''),(212,11,22,'2016-12-30','00:00:00','00:00:00','',0,'',0,0,'2017-01-09 19:48:59',NULL,''),(213,11,22,'2017-01-06','00:00:00','00:00:00','',0,'',0,0,'2017-01-09 19:48:59',NULL,''),(214,11,22,'2017-01-13','08:45:00','09:45:00','',0,'',0,0,'2017-01-09 19:48:59',NULL,''),(215,12,22,'2016-12-02','10:00:00','10:30:00','',0,'',0,0,'2017-01-09 19:48:59',NULL,''),(216,12,22,'2016-12-09','10:00:00','10:30:00','',0,'',0,0,'2017-01-09 19:48:59',NULL,''),(217,12,22,'2016-12-16','10:00:00','10:30:00','',0,'',0,0,'2017-01-09 19:48:59',NULL,''),(218,12,22,'2016-12-23','10:00:00','10:30:00','',0,'',0,0,'2017-01-09 19:48:59',NULL,''),(219,12,22,'2016-12-30','10:00:00','10:30:00','',0,'',0,0,'2017-01-09 19:48:59',NULL,''),(220,12,22,'2017-01-06','10:00:00','10:30:00','',0,'',0,0,'2017-01-09 19:48:59',NULL,''),(221,12,22,'2017-01-13','10:00:00','10:30:00','',0,'',0,0,'2017-01-09 19:48:59',NULL,''),(222,NULL,26,'2016-12-09','11:30:00','13:00:00','',0,'',0,0,'2016-11-28 19:52:15',NULL,'Holidays Around the World'),(223,NULL,27,'2016-12-13','10:30:00','11:30:00','',0,'Jingle Bells',0,0,'2017-01-09 19:50:46',NULL,''),(224,NULL,27,'2017-01-17','10:30:00','11:30:00','',0,'',0,0,'2017-01-09 19:50:46',NULL,''),(225,NULL,1,'2017-01-10','09:30:00','10:15:00','',0,'',0,0,'2017-01-09 19:35:45',NULL,''),(226,NULL,1,'2017-01-17','09:30:00','10:15:00','',0,'',0,0,'2017-01-09 19:35:45',NULL,''),(227,NULL,1,'2017-01-24','09:30:00','10:15:00','',0,'',0,0,'2017-01-09 19:35:45',NULL,''),(228,NULL,1,'2017-01-31','09:30:00','10:15:00','',0,'',0,0,'2017-01-09 19:35:45',NULL,''),(229,NULL,1,'2017-02-07','09:30:00','10:15:00','',0,'',0,0,'2017-01-09 19:35:45',NULL,''),(230,NULL,1,'2017-02-14','09:30:00','10:15:00','',0,'',0,0,'2017-01-09 19:35:45',NULL,''),(231,NULL,1,'2017-02-21','09:30:00','10:15:00','',0,'',0,0,'2017-01-09 19:35:45',NULL,''),(232,NULL,1,'2017-02-28','09:30:00','10:15:00','',0,'',0,0,'2017-01-09 19:35:45',NULL,''),(233,NULL,5,'2017-01-24','10:30:00','11:30:00','',0,'',0,0,'2017-01-09 19:40:45',NULL,''),(234,NULL,5,'2017-01-26','10:30:00','11:30:00','',0,'',0,0,'2017-01-09 19:40:45',NULL,''),(235,NULL,5,'2017-01-31','10:30:00','11:30:00','',0,'',0,0,'2017-01-09 19:40:45',NULL,''),(236,NULL,5,'2017-02-02','10:30:00','11:30:00','',0,'',0,0,'2017-01-09 19:40:45',NULL,''),(237,NULL,5,'2017-02-07','10:30:00','11:30:00','',0,'',0,0,'2017-01-09 19:40:45',NULL,''),(238,NULL,5,'2017-02-09','10:30:00','11:30:00','',0,'',0,0,'2017-01-09 19:40:45',NULL,''),(239,NULL,5,'2017-02-14','10:30:00','11:30:00','',0,'',0,0,'2017-01-09 19:40:45',NULL,''),(240,NULL,5,'2017-09-16','10:30:00','11:30:00','',0,'',0,0,'2017-01-09 19:40:45',NULL,''),(241,NULL,5,'2017-02-21','10:30:00','11:30:00','',0,'',0,0,'2017-01-09 19:40:45',NULL,''),(242,NULL,5,'2017-02-23','10:30:00','11:30:00','',0,'',0,0,'2017-01-09 19:40:45',NULL,''),(243,NULL,5,'2017-02-28','10:30:00','11:30:00','',0,'',0,0,'2017-01-09 19:40:45',NULL,''),(244,NULL,20,'2017-01-13','10:30:00','11:15:00','',0,'',0,0,'2017-01-09 19:44:04',NULL,''),(245,11,22,'2017-01-20','08:45:00','09:45:00','',0,'',0,0,'2017-01-09 19:48:59',NULL,''),(246,11,22,'2017-01-27','08:45:00','09:45:00','',0,'',0,0,'2017-01-09 19:48:59',NULL,''),(247,11,22,'2017-02-03','08:45:00','09:45:00','',0,'',0,0,'2017-01-09 19:48:59',NULL,''),(248,11,22,'2017-02-10','08:45:00','09:45:00','',0,'',0,0,'2017-01-09 19:48:59',NULL,''),(249,11,22,'2017-02-17','08:45:00','09:45:00','',0,'',0,0,'2017-01-09 19:48:59',NULL,''),(250,11,22,'2017-02-24','08:45:00','09:45:00','',0,'',0,0,'2017-01-09 19:48:59',NULL,''),(251,12,22,'2017-01-20','10:00:00','10:30:00','',0,'',0,0,'2017-01-09 19:48:59',NULL,''),(252,12,22,'2017-01-27','10:00:00','10:30:00','',0,'',0,0,'2017-01-09 19:48:59',NULL,''),(253,12,22,'2017-02-03','10:00:00','10:30:00','',0,'',0,0,'2017-01-09 19:48:59',NULL,''),(254,12,22,'2017-02-10','10:00:00','10:30:00','',0,'',0,0,'2017-01-09 19:48:59',NULL,''),(255,12,22,'2017-02-17','10:00:00','10:30:00','',0,'',0,0,'2017-01-09 19:48:59',NULL,''),(256,12,22,'2017-02-24','10:00:00','10:30:00','',0,'',0,0,'2017-01-09 19:48:59',NULL,''),(257,NULL,27,'2017-02-14','10:30:00','11:30:00','',0,'',0,0,'2017-01-09 19:50:46',NULL,''),(258,NULL,27,'2017-03-14','10:30:00','11:30:00','',0,'',0,0,'2017-01-09 19:50:46',NULL,''),(259,NULL,27,'2017-04-11','10:30:00','11:30:00','',0,'',0,0,'2017-01-09 19:50:46',NULL,''),(260,NULL,27,'2017-05-09','10:30:00','11:30:00','',0,'',0,0,'2017-01-09 19:50:46',NULL,''),(261,NULL,27,'2017-06-13','10:30:00','11:30:00','',0,'',0,0,'2017-01-09 19:50:46',NULL,''),(262,15,30,'2017-01-24','17:15:00','20:00:00','',0,'',0,0,'2017-01-09 19:52:03',NULL,''),(263,NULL,34,'2017-02-02','13:30:00','15:00:00','',0,'',0,0,'2017-01-09 19:52:43',NULL,''),(264,NULL,37,'2017-01-12','10:00:00','13:00:00','',0,'',0,0,'2017-01-09 19:53:49',NULL,''),(265,NULL,38,'2017-01-28','10:00:00','12:00:00','',0,'',0,0,'2017-01-09 19:54:21',NULL,''),(266,NULL,39,'2017-02-11','10:00:00','12:00:00','',0,'',0,0,'2017-01-09 19:58:38',NULL,''),(267,NULL,16,'2017-02-22','10:30:00','12:00:00','',0,'',0,0,'2017-01-09 20:00:40',NULL,'Anatomy of a Sewing Machine'),(268,NULL,16,'2017-04-18','10:30:00','12:00:00','',0,'',0,0,'2017-01-09 20:00:40',NULL,'Canning'),(269,20,21,'2017-01-21','10:00:00','12:00:00','',0,'',0,0,'2017-01-09 20:04:21',NULL,''),(270,21,21,'2017-02-11','10:00:00','12:00:00','',0,'',0,0,'2017-01-09 20:04:21',NULL,''),(271,22,9,'2017-02-18','08:15:00','10:30:00','',0,'',0,0,'2017-01-09 20:06:23',NULL,''),(272,22,9,'2017-02-25','08:15:00','10:30:00','',0,'',0,0,'2017-01-09 20:06:23',NULL,''),(273,22,9,'2017-03-04','08:15:00','10:30:00','',0,'',0,0,'2017-01-09 20:06:23',NULL,''),(274,22,9,'2017-03-11','08:15:00','10:30:00','',0,'',0,0,'2017-01-09 20:06:23',NULL,''),(275,22,9,'2017-03-18','08:15:00','10:30:00','',0,'',0,0,'2017-01-09 20:06:23',NULL,''),(276,23,11,'2017-03-04','08:15:00','10:30:00','',0,'',0,0,'2017-01-09 20:08:44',NULL,''),(277,23,11,'2017-03-11','08:15:00','10:30:00','',0,'',0,0,'2017-01-09 20:08:44',NULL,''),(278,23,11,'2017-03-18','08:15:00','10:30:00','',0,'',0,0,'2017-01-09 20:08:44',NULL,''),(279,23,11,'2017-04-08','08:15:00','10:30:00','',0,'',0,0,'2017-01-09 20:08:44',NULL,''),(280,23,11,'2017-04-22','08:15:00','10:30:00','',0,'',0,0,'2017-01-09 20:08:44',NULL,''),(281,24,4,'2017-02-21','18:30:00','20:30:00','',0,'',0,0,'2017-01-09 20:11:31',NULL,''),(282,24,4,'2017-02-28','18:30:00','20:30:00','',0,'',0,0,'2017-01-09 20:11:31',NULL,''),(283,24,4,'2017-03-07','18:30:00','20:30:00','',0,'',0,0,'2017-01-09 20:11:31',NULL,''),(284,24,4,'2017-03-14','18:30:00','20:30:00','',0,'',0,0,'2017-01-09 20:11:31',NULL,''),(285,24,4,'2017-03-21','18:40:00','20:30:00','',0,'',0,0,'2017-01-09 20:11:31',NULL,'');
/*!40000 ALTER TABLE `eventinstance` ENABLE KEYS */;
UNLOCK TABLES;

--
-- Table structure for table `eventsession`
--

DROP TABLE IF EXISTS `eventsession`;
/*!40101 SET @saved_cs_client     = @@character_set_client */;
/*!40101 SET character_set_client = utf8 */;
CREATE TABLE `eventsession` (
  `id` int(11) NOT NULL AUTO_INCREMENT,
  `eventid` int(11) DEFAULT NULL,
  `instructor` varchar(40) DEFAULT NULL,
  `location` varchar(50) DEFAULT NULL,
  `cost` float DEFAULT NULL,
  `notes` text,
  `archive` tinyint(1) DEFAULT NULL,
  `cancel` tinyint(1) DEFAULT NULL,
  `created` datetime DEFAULT CURRENT_TIMESTAMP,
  `modified` datetime DEFAULT NULL ON UPDATE CURRENT_TIMESTAMP,
  `name` varchar(50) DEFAULT NULL,
  PRIMARY KEY (`id`)
) ENGINE=InnoDB AUTO_INCREMENT=25 DEFAULT CHARSET=utf8;
/*!40101 SET character_set_client = @saved_cs_client */;

--
-- Dumping data for table `eventsession`
--

LOCK TABLES `eventsession` WRITE;
/*!40000 ALTER TABLE `eventsession` DISABLE KEYS */;
INSERT INTO `eventsession` VALUES (4,4,'','FSN',0,'on-site childcare is available',0,0,'2017-01-09 20:11:31',NULL,''),(5,9,'','LAHS',0,'',0,0,'2017-01-09 20:06:23',NULL,''),(6,10,'','FSN',20,'',0,0,'2016-10-18 15:24:04',NULL,NULL),(7,11,'Michaelangelo Lobato','LAMS',0,'',0,1,'2017-01-09 20:08:44',NULL,''),(8,21,'','FSN',0,'',0,0,'2017-01-09 20:04:21',NULL,''),(9,21,'','The Family Y',0,'',0,0,'2017-01-09 20:04:21',NULL,''),(10,21,'','FSN',0,'',0,0,'2017-01-09 20:04:21',NULL,''),(11,22,'','',0,'',0,0,'2017-01-09 19:48:59',NULL,'Prenatal Yoga'),(12,22,'','',0,'',0,0,'2017-01-09 19:48:59',NULL,'Infant Yoga'),(13,30,'','',0,'',0,0,'2017-01-20 20:44:27',NULL,'Infant Discussion Group'),(14,30,'','',0,'',0,0,'2017-01-20 20:44:27',NULL,'Community Discussion Group'),(15,30,'','',0,'',0,0,'2017-01-20 20:44:27',NULL,'Potluck Dinner'),(16,30,'','',0,'',0,0,'2017-01-20 20:44:27',NULL,'Catered Dinner'),(17,30,'','',0,'',0,0,'2017-01-20 20:44:27',NULL,'Field Trip'),(18,32,'TTAP','',0,'',0,0,'2016-11-07 17:43:23',NULL,''),(19,33,'Fall','',0,'',0,0,'2016-10-21 17:04:08',NULL,''),(20,21,'Self Defense','',0,'',0,0,'2017-01-09 20:04:21',NULL,''),(21,21,'Valentines','',0,'',0,0,'2017-01-09 20:04:21',NULL,''),(22,9,'','FSN',0,'',0,0,'2017-01-09 20:06:23',NULL,''),(23,11,'','LAMS',0,'',0,0,'2017-01-09 20:08:44',NULL,'Amy Canzona'),(24,4,'','FSN',0,'',0,0,'2017-01-09 20:11:31',NULL,'');
/*!40000 ALTER TABLE `eventsession` ENABLE KEYS */;
UNLOCK TABLES;

--
-- Table structure for table `gender`
--

DROP TABLE IF EXISTS `gender`;
/*!40101 SET @saved_cs_client     = @@character_set_client */;
/*!40101 SET character_set_client = utf8 */;
CREATE TABLE `gender` (
  `id` int(11) NOT NULL AUTO_INCREMENT,
  `gender` varchar(30) DEFAULT NULL,
  `display` tinyint(1) DEFAULT '1',
  PRIMARY KEY (`id`)
) ENGINE=InnoDB AUTO_INCREMENT=4 DEFAULT CHARSET=utf8;
/*!40101 SET character_set_client = @saved_cs_client */;

--
-- Dumping data for table `gender`
--

LOCK TABLES `gender` WRITE;
/*!40000 ALTER TABLE `gender` DISABLE KEYS */;
INSERT INTO `gender` VALUES (1,'N/A',1),(2,'Male',1),(3,'Female',1);
/*!40000 ALTER TABLE `gender` ENABLE KEYS */;
UNLOCK TABLES;

--
-- Table structure for table `household`
--

DROP TABLE IF EXISTS `household`;
/*!40101 SET @saved_cs_client     = @@character_set_client */;
/*!40101 SET character_set_client = utf8 */;
CREATE TABLE `household` (
  `id` int(10) unsigned NOT NULL AUTO_INCREMENT,
  `income` tinyint(3) unsigned DEFAULT NULL,
  `address2` varchar(30) DEFAULT NULL,
  `address1` varchar(30) DEFAULT NULL,
  `city` varchar(30) DEFAULT NULL,
  `state` varchar(30) DEFAULT NULL,
  `zip` varchar(30) DEFAULT NULL,
  `phone` varchar(30) DEFAULT NULL,
  `email` varchar(30) DEFAULT NULL,
  `googleid` varchar(30) DEFAULT NULL,
  `picturewaiver` tinyint(1) DEFAULT NULL,
  `email2` varchar(30) DEFAULT NULL,
  `lanl` tinyint(4) DEFAULT NULL,
  `library` tinyint(1) DEFAULT '0',
  `fix` tinyint(1) DEFAULT '0',
  `created` datetime DEFAULT CURRENT_TIMESTAMP,
  `modified` datetime DEFAULT NULL ON UPDATE CURRENT_TIMESTAMP,
  `sponsor` date DEFAULT NULL,
  PRIMARY KEY (`id`),
  UNIQUE KEY `UQ_googleid` (`googleid`),
  UNIQUE KEY `UQ_email` (`email`)
) ENGINE=InnoDB AUTO_INCREMENT=400 DEFAULT CHARSET=utf8;
/*!40101 SET character_set_client = @saved_cs_client */;

--
-- Dumping data for table `household`
--

LOCK TABLES `household` WRITE;
/*!40000 ALTER TABLE `household` DISABLE KEYS */;
INSERT INTO `household` VALUES (11,NULL,'','1923 Mendius Lane','Los Alamos','NM','87544','505-412-3923','diyoung674@gmail.com',NULL,NULL,NULL,NULL,0,0,'2016-10-11 21:59:14',NULL,NULL),(13,NULL,'','','Los Alamos','NM','87544','','binhtma@yahoo.com',NULL,NULL,NULL,NULL,0,0,'2016-10-11 21:59:35','2016-10-11 22:17:13',NULL),(14,NULL,'','2542 46th street','Los Alamos','NM','87544','6307404916','megs551@yahoo.com',NULL,NULL,NULL,NULL,0,0,'2016-10-11 21:59:14',NULL,NULL),(15,NULL,'','1201 San ildefonso','Los Alamos','NM','87544','505-310-4181','go_hike_now@yahoo.com',NULL,NULL,NULL,NULL,0,0,'2016-10-11 21:59:14',NULL,NULL),(16,NULL,'','4220B Trinity Drive','Los Alamos','NM','87544','5056725078','Thai.hanju@gmail.com',NULL,NULL,'tsai.hanju@gmail.com',NULL,0,0,'2016-10-11 21:59:14','2016-10-11 22:19:17',NULL),(17,1,'','91 Zuni St','Los Alamos','NM','87544','5056951212','lisjump@gmail.com',NULL,1,NULL,1,NULL,NULL,'2016-10-11 22:24:24',NULL,NULL),(20,NULL,'','1308 41st Street','Los Alamos','NM','87544','303-968-5738','Ellen.smalley@hotmail.com',NULL,NULL,NULL,NULL,0,0,'2016-10-11 21:59:14',NULL,NULL),(21,NULL,'','107 greasewood mark','espanola','NM','87532','5059271847','beata_tsosie@yahoo.com',NULL,NULL,NULL,NULL,0,0,'2016-10-11 21:59:14',NULL,NULL),(22,NULL,'','4102 fairway','Los Alamos','NM','87544','',NULL,NULL,NULL,NULL,NULL,0,0,'2016-10-11 21:59:35',NULL,NULL),(23,NULL,'','','Los Alamos','NM','87544','',NULL,NULL,NULL,NULL,NULL,0,0,'2016-10-11 21:59:35',NULL,NULL),(24,5,'','293 Garver Lane','White Rock','NM','87547','509-438-4226',NULL,NULL,0,NULL,2,NULL,0,'2016-10-11 21:59:35','2017-01-26 17:06:12',NULL),(27,NULL,'','2538 35th st unit A','Los Alamos','NM','87544','9402304886','lissiej@gmail.com',NULL,NULL,NULL,NULL,0,0,'2016-10-11 21:59:14',NULL,NULL),(28,NULL,'','2243 46th St.','Los Alamos','NM','87544','575-640-2039','Ashton.henderson89@gmail.com',NULL,NULL,NULL,NULL,0,0,'2016-10-11 21:59:14',NULL,NULL),(30,NULL,'','1671 36th St','Los Alamos','NM','87544','5056609766','annettepre83@gmail.com',NULL,NULL,NULL,NULL,0,0,'2016-10-11 21:59:14',NULL,NULL),(31,1,'','2329A 48th St.','Los Alamos','NM','87544','3146859020','leuler77@gmail.com',NULL,0,NULL,0,NULL,0,'2016-10-28 16:24:10','2016-12-20 17:50:31',NULL),(32,NULL,'','346 Kayenta Dr.','Los Alamos','NM','87544','5056703698','emstupka@gmail.com',NULL,NULL,'estupka@unm.edu',NULL,0,0,'2016-10-11 21:59:14','2016-10-11 22:19:17',NULL),(33,NULL,'','509 Paige Loop','Los Alamos','NM','87544','505-393-1152','rachelmeyer316@gmail.com',NULL,NULL,NULL,NULL,0,0,'2016-10-11 21:59:14',NULL,NULL),(34,NULL,'','4824 a yucca','Los Alamos','NM','87544','5057090396','chiara.paleari@gmail.com',NULL,NULL,NULL,NULL,0,0,'2016-10-11 21:59:14',NULL,NULL),(35,NULL,'','387 Manhattan lp','Los Alamos','NM','87544','5055071566','rememberthisdom@gmail.com',NULL,NULL,NULL,NULL,0,0,'2016-10-11 21:59:14',NULL,NULL),(36,1,'','30 Lantana','Los Alamos','NM','87544','505 670 9740','sibrisa@gmail.com',NULL,2,NULL,1,NULL,NULL,'2016-10-18 16:34:02',NULL,NULL),(37,NULL,'','1438 Camino Medio','Los Alamos','NM','87544','5408381248','stremilli@gmail.com',NULL,NULL,NULL,NULL,0,0,'2016-10-11 21:59:14',NULL,NULL),(38,NULL,'','473 Bryce Ave','Los Alamos','NM','87544','5056703950','knicholsrd@gmail.com',NULL,NULL,NULL,NULL,0,0,'2016-10-11 21:59:14',NULL,NULL),(39,1,'unit A','4501 Ridgeway Drive','Los Alamos','NM','87544','505 257 0483','christin.s.whitton@gmail.com',NULL,0,NULL,0,NULL,NULL,'2016-10-26 17:26:30',NULL,NULL),(40,NULL,'','965 Alamo rd.','Los Alamos','NM','87544','5054702808','Olsen.bw@gmail.com',NULL,NULL,NULL,NULL,0,0,'2016-10-11 21:59:14',NULL,NULL),(41,NULL,'','694 45th st','Los Alamos','NM','87544','419-721-9900','Mafronk21@yahoo.com',NULL,NULL,NULL,NULL,0,0,'2016-10-11 21:59:14',NULL,NULL),(43,NULL,'','343 Kimberly','Los Alamos','NM','87547','5056707769','cariefanning@msn.com',NULL,NULL,'carie.fanning@lafsn.org',NULL,0,0,'2016-10-11 21:59:14','2016-10-11 22:19:17',NULL),(44,NULL,'','2020 Torreon','Los Alamos','NM','87544','5056612320','phpoole@comcast.net',NULL,NULL,NULL,NULL,0,0,'2016-10-11 21:59:14',NULL,NULL),(45,NULL,NULL,NULL,NULL,NULL,NULL,NULL,NULL,NULL,NULL,NULL,NULL,0,0,'2016-12-21 16:44:30',NULL,NULL),(46,NULL,'','3273 walnut st B','Los Alamos','NM','87544','7192391092','hannahhughes405@gmail.com',NULL,NULL,NULL,NULL,0,0,'2016-10-11 21:59:14',NULL,NULL),(47,1,'','146 San Juan St','Los Alamos','NM','87544','505-500-0223','dockatnm@msn.com',NULL,0,NULL,0,NULL,NULL,'2016-11-04 17:48:09',NULL,NULL),(48,1,'','1610 Sonrisa','Los Alamos','NM','87544','518-441-5356','cn17hunter@gmail.com',NULL,0,NULL,0,NULL,NULL,'2016-10-26 16:50:37',NULL,NULL),(49,NULL,'','4950 sombra','Los Alamos','NM','87544','5054122749','rachellouisebragg@gmail.com',NULL,NULL,NULL,NULL,0,0,'2016-10-11 21:59:14',NULL,NULL),(50,7,'','503 Ridgecrest','White Rock','NM','87547','505-393-0008','mecarp31@yahoo.com',NULL,0,NULL,1,NULL,0,'2016-10-11 21:59:14','2017-01-26 17:06:47',NULL),(51,NULL,'','1390 Sioux St','Los Alamos','NM','87544','5056959674','ritabrake@gmail.com',NULL,NULL,NULL,NULL,0,0,'2016-10-11 21:59:14',NULL,NULL),(52,NULL,'','1929 41st  Street','Los Alamos','NM','87544','5055005593','sktondreau@gmail.com',NULL,NULL,NULL,NULL,0,0,'2016-10-11 21:59:14',NULL,NULL),(53,NULL,'','2222 38th','Los Alamos','NM','87544','734-417-3665','Lauren.coupland@gmail.com',NULL,NULL,'Dan.coupland@gmail.com',NULL,0,0,'2016-10-11 21:59:14','2016-10-11 22:19:17',NULL),(54,NULL,'','','Los Alamos','NM','87544','',NULL,NULL,NULL,NULL,NULL,0,0,'2016-10-11 21:59:35',NULL,NULL),(56,NULL,'','103 Manhattan Loop','Los Alamos','NM','87544','505-500-6350','blueeydangelofnm@gmail.com',NULL,NULL,NULL,NULL,0,0,'2016-10-11 21:59:14',NULL,NULL),(57,1,'','','Los Alamos','NM','87544','',NULL,NULL,0,NULL,0,0,1,'2016-10-11 21:59:35','2016-12-15 18:03:19',NULL),(58,NULL,'','683 47th St','Los Alamos','NM','87544','505-690-3389','bunchofbrowns@comcast.net',NULL,NULL,NULL,NULL,0,0,'2016-10-11 21:59:14',NULL,NULL),(59,3,'','232 Rover ','Los Alamos','NM','87544','505-330-7722','raulgrnll@gmail.com',NULL,0,NULL,2,NULL,0,'2016-10-11 21:59:14','2017-01-26 17:25:29',NULL),(60,NULL,'apt B','3292 walnut st','Los Alamos','NM','87544','678-629-2735','aaklotz@gmail.com',NULL,NULL,NULL,NULL,0,0,'2016-10-11 21:59:14',NULL,NULL),(61,6,'','110 Azure Dr','White Rock','NM','87547','505-920-9688','lbdudley01@msn.com',NULL,0,NULL,2,NULL,0,'2016-10-11 21:59:14','2017-01-26 17:26:11',NULL),(62,1,'','714 45th Street','Los Alamos','NM','87544','505-412-5382','craames@cybermesa.com',NULL,0,NULL,0,NULL,0,'2016-10-11 21:59:14','2017-01-26 17:26:41',NULL),(63,NULL,'','3790 gold st apt 10','Los Alamos','NM','87544','5053851984','schubieboawn@gmail',NULL,NULL,NULL,NULL,0,0,'2016-10-11 21:59:14',NULL,NULL),(64,7,'','600 La Bajada ','White Rock','NM','87547','513-608-0914','kunderwooddesign@aol.com',NULL,0,NULL,1,NULL,0,'2016-10-11 21:59:14','2017-01-26 17:27:27',NULL),(65,NULL,'','414 rover','Los Alamos','NM','87544','5054127206','Mercedes.sandford@enmu.edu',NULL,NULL,NULL,NULL,0,0,'2016-10-11 21:59:14',NULL,NULL),(66,NULL,'Apt A','3919 Arizona Ave','Los Alamos','NM','87544','610-324-3765','odonnka1@gmail.com',NULL,NULL,NULL,NULL,0,0,'2016-10-11 21:59:14',NULL,NULL),(67,NULL,'','103 Carlsbad Ave.','Los Alamos','NM','87544','505-412-8554','alesperance13@gmail.com',NULL,NULL,NULL,NULL,0,0,'2016-10-11 21:59:14',NULL,NULL),(68,NULL,'','4935 North Sol','Los Alamos','NM','87544','505-999-0436','christinam9021@gmail.com',NULL,NULL,NULL,NULL,0,0,'2016-10-11 21:59:14',NULL,NULL),(69,NULL,'','2361 46th st B','Los Alamos','NM','87544','2179796566','wendykhw@gmail.com',NULL,NULL,NULL,NULL,0,0,'2016-10-11 21:59:14',NULL,NULL),(70,NULL,'','','Los Alamos','NM','87544','505-672-1554',NULL,NULL,NULL,NULL,NULL,0,0,'2016-10-11 21:59:35',NULL,NULL),(71,NULL,'','336 members dr','Los Alamos','NM','87544','2082408631','kstewart613@gmail.com',NULL,NULL,NULL,NULL,0,0,'2016-10-11 21:59:14',NULL,NULL),(72,NULL,'','717 44th Street','Los Alamos','NM','87544','15043884996','Olivia.fobes@gmail.com',NULL,NULL,NULL,NULL,0,0,'2016-10-11 21:59:14',NULL,NULL),(73,NULL,'','','Los Alamos','NM','87544','480-467-8719','elsmith57@gmail.com',NULL,NULL,NULL,NULL,0,0,'2016-10-11 21:59:14',NULL,NULL),(74,3,'','2327 B 37th Street','Los Alamos','NM','87544','505-412-3018','cym1186@gmail.com',NULL,0,NULL,2,NULL,0,'2016-10-11 21:59:14','2017-01-26 17:24:53',NULL),(75,NULL,'','','Los Alamos','NM','87544','','ying.zhang06@gmail.com',NULL,NULL,NULL,NULL,0,0,'2016-10-11 21:59:14',NULL,NULL),(76,NULL,'','3117 woodland rd','Los Alamos','NM','87544','505-695-9050','Britney.vollans@gmail.com',NULL,NULL,NULL,NULL,0,0,'2016-10-11 21:59:14',NULL,NULL),(77,NULL,'c','2356 45th st','Los Alamos','NM','87544','','Amanda.frohling@gmail.com',NULL,NULL,NULL,NULL,0,0,'2016-10-11 21:59:14',NULL,NULL),(78,NULL,'','2459 45th St. apt A','Los Alamos','NM','87544','(505)709-7889','esvedin86@gmail.com',NULL,NULL,NULL,NULL,0,0,'2016-10-11 21:59:14',NULL,NULL),(79,NULL,'','','Los Alamos','NM','87544','505-660-0937','sandranortier@hotmail.com',NULL,NULL,NULL,NULL,0,0,'2016-10-11 21:59:14',NULL,NULL),(80,NULL,'','','Los Alamos','NM','87544','','denisek1182@gmail.com',NULL,NULL,NULL,NULL,0,0,'2016-10-11 21:59:35','2016-10-11 22:17:13',NULL),(81,1,'','3064 Orange st','Los Alamos','NM','87544','(720)550-3672','aghate@list.ru',NULL,0,NULL,0,NULL,NULL,'2016-10-18 16:06:53',NULL,NULL),(82,1,'','3136 orange street','Los Alamos','NM','87544','5057090615','asophie.lacoste@gmail.com',NULL,0,NULL,0,NULL,NULL,'2016-11-02 16:35:59',NULL,NULL),(83,1,'Apt 109','600 San Ildefonso Rd','Los Alamos','NM','87544','6616235338','monicalovato22@gmail.com',NULL,1,'monicalovato22@gmail.com',1,NULL,NULL,'2016-10-11 21:59:14','2016-11-07 18:03:43',NULL),(84,NULL,'','6211 arroyo glen st','Los Angeles ','ca','90042','',NULL,NULL,NULL,NULL,NULL,0,0,'2016-10-11 21:59:35',NULL,NULL),(85,NULL,'','3811#gold st. ','Los Alamos','NM','87544','505-3105033','tingmin.xjtu@gmail.com',NULL,NULL,NULL,NULL,0,0,'2016-10-11 21:59:14',NULL,NULL),(86,NULL,'','68 Loma vista ','Los Alamos','NM','87544','','yang603@gmail.com',NULL,NULL,NULL,NULL,0,0,'2016-10-11 21:59:14',NULL,NULL),(87,NULL,'','99 Carlsbad Ave','Los Alamos','NM','87547','5055774439','tiggponch@yahoo.com',NULL,NULL,'haynescustomiron@gmail.com',NULL,0,0,'2016-10-11 21:59:14','2016-10-11 22:19:17',NULL),(88,NULL,'','','Los Alamos','NM','87544','','amberp4@hotmail.com',NULL,NULL,NULL,NULL,0,0,'2016-10-11 21:59:35','2016-10-11 22:17:13',NULL),(89,NULL,'','4165 Trinity Dr Unit B','Los Alamos','NM','87544','928-210-4939','morriganjr@hotmail.com',NULL,NULL,'chiquete.carlos@gmail.com',NULL,0,0,'2016-10-11 21:59:14','2016-10-11 22:19:17',NULL),(90,NULL,'','2487B 45th st','Los Alamos','NM','87544','5056159267','yenituba@yahoo.com',NULL,NULL,'iowens@q.com',NULL,0,0,'2016-10-11 21:59:14','2016-10-11 22:19:17',NULL),(91,NULL,'','1278 b 41st street','Los Alamos','NM','87544','2672598195','mschaum25@yahoo.com',NULL,NULL,NULL,NULL,0,0,'2016-10-11 21:59:14',NULL,NULL),(92,NULL,'','','Los Alamos','NM','87544','',NULL,NULL,NULL,NULL,NULL,0,0,'2016-10-11 21:59:35',NULL,NULL),(93,NULL,'','1449 Oakwood Loop','Los Alamos','NM','87544','801-706-4217','Carolyn.tuzel@gmail.com',NULL,NULL,NULL,NULL,0,0,'2016-10-11 21:59:14',NULL,NULL),(94,NULL,'','342 joya loop ','Los Alamos','NM','87544','(505)235-0514','lindarella88@gmail.com',NULL,NULL,NULL,NULL,0,0,'2016-10-11 21:59:14',NULL,NULL),(95,NULL,'','301 Aragon Ave','Los Alamos','NM','87544','7853410256','Emilia.solomon@gmail.com',NULL,NULL,NULL,NULL,0,0,'2016-10-11 21:59:14',NULL,NULL),(96,NULL,'','2118 D 44th Street','Los Alamos','NM','87544','5056950290','iceburg91@msn.com',NULL,NULL,NULL,NULL,0,0,'2016-10-11 21:59:14',NULL,NULL),(97,NULL,'','6 banana hill rd ','espanola','NM','87532','5059272710','amberl_22@yahoo.com',NULL,NULL,NULL,NULL,0,0,'2016-10-11 21:59:14',NULL,NULL),(98,1,'','4596 Fairway Dr','Los Alamos','NM','87544','6143131067','grahammissellking@gmail.com',NULL,0,NULL,0,0,0,'2016-10-11 21:59:14','2017-01-25 21:35:43',NULL),(99,NULL,'','1925 Camino mora','Los Alamos','NM','87544','','kabarnes82@gmail.com',NULL,NULL,NULL,NULL,0,0,'2016-10-11 21:59:14',NULL,NULL),(100,1,'','','Los Alamos','NM','87544','',NULL,NULL,1,NULL,1,NULL,0,'2016-10-11 21:59:35','2017-01-10 02:13:02',NULL),(102,NULL,'','','Los Alamos','NM','87544','',NULL,NULL,NULL,NULL,NULL,0,0,'2016-10-11 21:59:35',NULL,NULL),(104,NULL,'','','Los Alamos','NM','87544','',NULL,NULL,NULL,NULL,NULL,0,0,'2016-10-11 21:59:35',NULL,NULL),(106,NULL,NULL,NULL,NULL,NULL,NULL,NULL,NULL,NULL,NULL,NULL,NULL,0,0,'2016-11-08 20:41:46',NULL,NULL),(107,NULL,'','','Los Alamos','NM','87544','',NULL,NULL,NULL,NULL,NULL,0,0,'2016-10-11 21:59:35',NULL,NULL),(108,NULL,'','','Los Alamos','NM','87544','',NULL,NULL,NULL,NULL,NULL,0,0,'2016-10-11 21:59:35',NULL,NULL),(109,NULL,'','3034 Nickel St','Los Alamos','NM','87544','5053316911','alejandra@wernicke.com',NULL,NULL,NULL,NULL,0,0,'2016-10-11 21:59:14',NULL,NULL),(110,NULL,'','1738 CR 119','Hespenos','CO','81326','9705883699',NULL,NULL,NULL,NULL,NULL,0,0,'2016-10-11 21:59:35',NULL,NULL),(114,1,'','3553 Pueblo Dr','Los Alamos','NM','87544','2084096915','charmingquark4t@gmail.com',NULL,0,NULL,0,NULL,0,'2016-10-11 21:59:14','2017-01-25 21:29:23',NULL),(118,NULL,'','','Los Alamos','NM','87544','5056951233','jbaily1234@yahoo.com',NULL,NULL,NULL,NULL,0,0,'2016-10-11 21:59:14',NULL,NULL),(119,NULL,'','','Los Alamos','NM','87544','',NULL,NULL,NULL,NULL,NULL,0,0,'2016-10-11 21:59:35',NULL,NULL),(120,1,'','','Los Alamos','NM','87544','',NULL,NULL,0,NULL,0,NULL,0,'2016-10-11 21:59:35','2016-12-20 17:46:42',NULL),(122,NULL,'','','Los Alamos','NM','87544','',NULL,NULL,NULL,NULL,NULL,0,0,'2016-10-11 21:59:35',NULL,NULL),(124,NULL,'','','Los Alamos','NM','87544','',NULL,NULL,NULL,NULL,NULL,0,0,'2016-10-11 21:59:35',NULL,NULL),(125,NULL,'','','Los Alamos','NM','87544','',NULL,NULL,NULL,NULL,NULL,0,0,'2016-10-11 21:59:35',NULL,NULL),(126,NULL,'','','Los Alamos','NM','87544','',NULL,NULL,NULL,NULL,NULL,0,0,'2016-10-11 21:59:35',NULL,NULL),(127,NULL,'','Zuni St','Los Alamos','NM','87544','',NULL,NULL,NULL,NULL,NULL,0,0,'2016-10-11 21:59:35',NULL,NULL),(128,1,'','1912 Spruce Street','Los Alamos','NM','87544','5056956912','cshimeknm@gmail.com',NULL,0,'orangesmile@hotmail.com',0,0,1,'2016-11-04 17:09:12','2016-12-09 19:20:39',NULL),(129,NULL,'','','Los Alamos','NM','87544','',NULL,NULL,NULL,NULL,NULL,0,0,'2016-10-11 21:59:35',NULL,NULL),(130,NULL,'','','Los Alamos','NM','87544','',NULL,NULL,NULL,NULL,NULL,0,0,'2016-10-11 21:59:35',NULL,NULL),(131,NULL,'','','Los Alamos','NM','87544','',NULL,NULL,NULL,NULL,NULL,0,0,'2016-10-11 21:59:35',NULL,NULL),(132,NULL,'','','Los Alamos','NM','87544','',NULL,NULL,NULL,NULL,NULL,0,0,'2016-10-11 21:59:35',NULL,NULL),(133,NULL,'','','Los Alamos','NM','87544','',NULL,NULL,NULL,NULL,NULL,0,0,'2016-10-11 21:59:35',NULL,NULL),(134,NULL,'','','Los Alamos','NM','87544','',NULL,NULL,NULL,NULL,NULL,0,0,'2016-10-11 21:59:35',NULL,NULL),(135,NULL,'','','Los Alamos','NM','87544','',NULL,NULL,NULL,NULL,NULL,0,0,'2016-10-11 21:59:35',NULL,NULL),(137,NULL,'','','Los Alamos','NM','87544','',NULL,NULL,NULL,NULL,NULL,0,0,'2016-10-11 21:59:35',NULL,NULL),(138,1,'','55 Kachina','Los Alamos','NM','87544','5055004248','kate.cleveland@gmail.com',NULL,0,NULL,0,NULL,0,'2016-10-11 21:59:14','2017-01-26 17:11:04',NULL),(139,NULL,'','','Los Alamos','NM','87544','',NULL,NULL,NULL,NULL,NULL,0,0,'2016-10-11 21:59:35',NULL,NULL),(140,NULL,'','','Los Alamos','NM','87544','',NULL,NULL,NULL,NULL,NULL,0,0,'2016-10-11 21:59:35',NULL,NULL),(141,NULL,'','','Los Alamos','NM','87544','',NULL,NULL,NULL,NULL,NULL,0,0,'2016-10-11 21:59:35',NULL,NULL),(142,NULL,'','','Los Alamos','NM','87544','',NULL,NULL,NULL,NULL,NULL,0,0,'2016-10-11 21:59:35',NULL,NULL),(143,NULL,'','','Los Alamos','NM','87544','',NULL,NULL,NULL,NULL,NULL,0,0,'2016-10-11 21:59:35',NULL,NULL),(144,NULL,'','','Los Alamos','NM','87544','',NULL,NULL,NULL,NULL,NULL,0,0,'2016-10-11 21:59:35',NULL,NULL),(145,NULL,'','','Los Alamos','NM','87544','',NULL,NULL,NULL,NULL,NULL,0,0,'2016-10-11 21:59:35',NULL,NULL),(147,NULL,'','505 Oppenheimer dr, unit 505m','Los Alamos','NM','87544','6303408376','Chen.leroux@gmail.com',NULL,NULL,NULL,NULL,0,0,'2016-10-11 21:59:14',NULL,NULL),(154,NULL,'','550 hoven weep loop','Jemez Springs','NM','87025','5758294168','apcroce@gmail.com',NULL,NULL,NULL,NULL,0,0,'2016-10-11 21:59:14',NULL,NULL),(157,NULL,'','','Los Alamos','NM','87544','3164135052','hayley_eileen@gmail.com',NULL,NULL,NULL,NULL,0,0,'2016-10-11 21:59:14',NULL,NULL),(161,1,'','4616 Ridgeway Dr','Los Alamos','NM','87544','9739034849','af2013nl@gmail.com',NULL,0,NULL,0,NULL,0,'2016-10-11 21:59:14','2016-12-20 17:49:00',NULL),(165,NULL,'','149 40th St','Los Alamos','NM','87544','5057090680','baby.bear12411@gmail.com',NULL,NULL,NULL,NULL,0,0,'2016-10-11 21:59:14',NULL,NULL),(167,NULL,'','','Los Alamos','NM','87544','',NULL,NULL,NULL,NULL,NULL,0,0,'2016-10-11 21:59:35',NULL,NULL),(168,NULL,'','5 Los Arboles Dr','Los Alamos','NM','87544','8582453815','kdnadler@gmail.com',NULL,NULL,NULL,NULL,0,0,'2016-10-11 21:59:14',NULL,NULL),(169,NULL,'','','Los Alamos','NM','87544','',NULL,NULL,NULL,NULL,NULL,0,0,'2016-10-11 21:59:35',NULL,NULL),(170,NULL,'','','Los Alamos','NM','87544','5419050120','lindsaymarie@ymail.com',NULL,NULL,NULL,NULL,0,0,'2016-10-11 21:59:14',NULL,NULL),(173,NULL,'','','Los Alamos','NM','87544','',NULL,NULL,NULL,NULL,NULL,0,0,'2016-10-11 21:59:35',NULL,NULL),(174,NULL,'','','Los Alamos','NM','87544','',NULL,NULL,NULL,NULL,NULL,0,0,'2016-10-11 21:59:35',NULL,NULL),(176,NULL,'','','Los Alamos','NM','87544','8652097914','h.g.c.schmitt@gmail.com',NULL,NULL,NULL,NULL,0,0,'2016-10-11 21:59:14',NULL,NULL),(178,1,'','3000 Trinity Dr. Apt.88','Los Alamos','NM','87544','5059204102','caitingting35@gmail.com',NULL,0,NULL,0,NULL,NULL,'2016-10-21 17:28:58',NULL,NULL),(226,NULL,'Apt B','2117 41st Street','Los Alamos','NM','87544','5059131803','Amanda.b.white@gmail.com',NULL,NULL,NULL,NULL,0,0,'2016-10-11 21:59:14',NULL,NULL),(228,NULL,'','2889 A nickel','Los Alamos','NM','87544','',NULL,NULL,NULL,NULL,NULL,0,0,'2016-10-11 21:59:35',NULL,NULL),(234,3,'','18 Private Drive 1342','Espanola','NM','87532','','pequenalulurara@gmail.com',NULL,0,NULL,2,NULL,0,'2016-10-11 21:59:14','2017-01-26 17:08:02',NULL),(235,7,'','940 Estates Dr','Los Alamos','NM','87544','5056626559','gaurilprasad@yahoo.com',NULL,0,NULL,1,NULL,0,'2016-10-11 21:59:14','2017-01-26 17:05:48',NULL),(236,NULL,'','','Los Alamos','NM','87544','',NULL,NULL,NULL,NULL,NULL,0,0,'2016-10-11 21:59:35',NULL,NULL),(237,1,'','2232 37th street','Los Alamos','NM','87544','505-690-5624','jodi@jurneynet.com',NULL,0,NULL,0,NULL,NULL,'2016-11-03 19:32:13',NULL,NULL),(238,NULL,'','390 El Conejo St.','Los Alamos','NM','87544','281-992-2087','carissawaida@hotmail.com',NULL,NULL,NULL,NULL,0,0,'2016-10-11 21:59:14',NULL,NULL),(239,NULL,'','2117-B 43rd Street','Los Alamos','NM','87544','505-795-2277','meanderwithme@gmail.com',NULL,NULL,NULL,NULL,0,0,'2016-10-11 21:59:14',NULL,NULL),(240,NULL,'','','Los Alamos','NM','87544','',NULL,NULL,NULL,NULL,NULL,0,0,'2016-10-11 21:59:35',NULL,NULL),(241,NULL,'','2889 nickel','Los Alamos','NM','87544','5056909005','bekford57@yahoo.com',NULL,NULL,NULL,NULL,0,0,'2016-10-11 21:59:14',NULL,NULL),(242,NULL,'','','Los Alamos','NM','87544','','priscamtiasse@gmail.com',NULL,NULL,NULL,NULL,0,0,'2016-10-11 21:59:35','2016-10-11 22:17:13',NULL),(243,NULL,'','','Los Alamos','NM','87544','',NULL,NULL,NULL,NULL,NULL,0,0,'2016-10-11 21:59:35',NULL,NULL),(244,NULL,'','','Los Alamos','NM','87544','',NULL,NULL,NULL,NULL,NULL,0,0,'2016-10-11 21:59:35',NULL,NULL),(245,NULL,'','','Los Alamos','NM','87544','',NULL,NULL,NULL,NULL,NULL,0,0,'2016-10-11 21:59:35',NULL,NULL),(246,NULL,'','','Los Alamos','NM','87544','','teresakbuck@yahoo.com',NULL,NULL,'teresakbuck@yahoo.com',NULL,0,0,'2016-10-11 21:59:14','2016-10-11 22:19:17',NULL),(247,NULL,'','3691 Arizona Ave.','Los Alamos','NM','87544','5056955788','lady_celia@yahoo.com',NULL,NULL,NULL,NULL,0,0,'2016-10-11 21:59:14',NULL,NULL),(249,NULL,'','817 45th st','Los Alamos','NM','87544','5059278865','montylove331@gmail.com',NULL,NULL,NULL,NULL,0,0,'2016-10-11 21:59:14',NULL,NULL),(250,NULL,'','','Los Alamos','NM','87544','',NULL,NULL,NULL,NULL,NULL,0,0,'2016-10-11 21:59:35',NULL,NULL),(251,NULL,'','100 La Cueva','Los Alamos','NM','87544','1-734-664-6393','lhwilliamson@gmail.com',NULL,NULL,NULL,NULL,0,0,'2016-10-11 21:59:14',NULL,NULL),(252,NULL,'','1675 C 16th Street','Los Alamos','NM','87544','5059275799','blairzybear7492@gmail.com',NULL,NULL,'jredboa@aol.com',NULL,0,0,'2016-10-11 21:59:14','2016-10-11 22:19:17',NULL),(255,NULL,'','68 Joya loop','white rock','NM','87547','505-672-3677','grace.casados@yahoo.com',NULL,NULL,NULL,NULL,0,0,'2016-10-11 21:59:14',NULL,NULL),(256,NULL,'','','Los Alamos','NM','87544','(215)429-1805','farrowbaby@gmail.com',NULL,NULL,NULL,NULL,0,0,'2016-10-11 21:59:14',NULL,NULL),(257,1,'','814 s mcCurdy Rd','espanola','NM','87532','',NULL,NULL,0,NULL,0,0,1,'2016-10-11 21:59:35','2016-12-15 20:33:15',NULL),(258,NULL,'','901 Jemez view st','espanola','NM','87532','5056145475','steinjessicam@gmail.com',NULL,NULL,NULL,NULL,0,0,'2016-10-11 21:59:14',NULL,NULL),(259,NULL,'','','Los Alamos','NM','87544','',NULL,NULL,NULL,NULL,NULL,0,0,'2016-10-11 21:59:35',NULL,NULL),(260,2,'','30a ft 64','Dixon','NM','87527','505.579.9610','mfdurham@gmail.com',NULL,2,NULL,2,NULL,0,'2016-10-18 15:45:26','2016-11-15 16:13:40',NULL),(261,1,'','217 Rover Blvd','White Rock','NM','87547','7653660210','hrenea83@gmail.com',NULL,1,NULL,1,NULL,0,'2016-10-18 16:43:27','2016-12-06 17:37:11',NULL),(262,1,'Suite20','475 20th st','Los Alamos','NM','87544','6622656','hidzorek@nmsu.edu',NULL,1,NULL,2,NULL,NULL,'2016-10-20 16:23:35',NULL,NULL),(263,1,'','','Los Alamos','NM','87544','','lynnzollinger@hotmail.com',NULL,0,NULL,0,NULL,NULL,'2016-10-20 16:28:02',NULL,NULL),(264,1,'','1201 6th St','Los Alamos','NM','87544','6627475',NULL,NULL,2,NULL,1,NULL,NULL,'2016-10-22 15:11:49',NULL,NULL),(265,1,'','207 Maple Dr','Los Alamos','NM','87544','6309261390','mcdoram@hotmail.com',NULL,1,NULL,1,NULL,NULL,'2016-10-26 16:40:40',NULL,NULL),(266,1,'','','Los Alamos','NM','87544','',NULL,NULL,0,NULL,0,NULL,NULL,'2016-10-26 16:45:31',NULL,NULL),(267,1,'','','Los Alamos','NM','87544','',NULL,NULL,0,NULL,0,NULL,NULL,'2016-10-26 16:57:15',NULL,NULL),(268,1,'','','Los Alamos','NM','87544','',NULL,NULL,1,NULL,1,NULL,NULL,'2016-10-26 17:06:31',NULL,NULL),(269,1,'','','Los Alamos','NM','87544','',NULL,NULL,0,NULL,0,NULL,NULL,'2016-10-26 17:08:54',NULL,NULL),(270,1,'','','Los Alamos','NM','87544','',NULL,NULL,0,NULL,0,NULL,NULL,'2016-10-27 15:32:37',NULL,NULL),(271,1,'','','Los Alamos','NM','87544','',NULL,NULL,0,NULL,0,NULL,NULL,'2016-10-28 18:12:41',NULL,NULL),(272,1,'','5405 Quemazon','Los Alamos','NM','87544','','yangxi0324@gmail.com',NULL,2,NULL,1,NULL,NULL,'2016-11-02 16:19:00',NULL,NULL),(273,1,'','2900 arizona','Los Alamos','NM','87544','3603052500','michelle.certik@gmail.com',NULL,2,NULL,1,NULL,NULL,'2016-11-02 16:24:41',NULL,NULL),(274,1,'','70 Yarrow Street','White rock','NM','87547','5055504655','liuba.georgieva@gmail.com',NULL,0,NULL,0,NULL,0,'2016-11-02 16:28:21','2016-11-08 17:26:03',NULL),(275,1,'','442 Bryce Ave ','White Rock','NM','87547','5057090190',NULL,NULL,0,NULL,0,NULL,NULL,'2016-11-03 20:06:45',NULL,NULL),(276,1,'','','Los Alamos','NM','87544','5052396771',NULL,NULL,0,NULL,0,NULL,NULL,'2016-11-04 15:32:09',NULL,NULL),(277,1,'','','Los Alamos','NM','87544','5756216104','marapondo@yahoo.com',NULL,0,NULL,0,NULL,NULL,'2016-11-04 15:35:46',NULL,NULL),(278,1,'','','Los Alamos','NM','87544','5054121650','clparrack@yahoo.com',NULL,0,NULL,0,NULL,NULL,'2016-11-04 15:37:03',NULL,NULL),(279,1,'','','Los Alamos','NM','87544','5059200839','jlstorkan@yahoo.com',NULL,0,NULL,0,NULL,NULL,'2016-11-04 15:38:13',NULL,NULL),(280,1,'','','Los Alamos','NM','87544','5055505252','alasha.lizette.trejo@gmail.com',NULL,0,NULL,0,NULL,NULL,'2016-11-04 15:39:49',NULL,NULL),(281,1,'','','Los Alamos','NM','87544','5055006721','leighaoliver89@gmail.com',NULL,0,NULL,0,NULL,NULL,'2016-11-04 15:40:59',NULL,NULL),(282,1,'','','Los Alamos','NM','87544','5055000910','olivia.lima@aol.com',NULL,0,NULL,0,NULL,NULL,'2016-11-04 15:41:55',NULL,NULL),(283,1,'','','Los Alamos','NM','87544','5052048251','jnewscoot@gmail.com',NULL,0,NULL,0,NULL,NULL,'2016-11-04 15:43:02',NULL,NULL),(284,1,'','','Los Alamos','NM','87544','5056603843','mschnedler@q.com',NULL,0,NULL,0,NULL,NULL,'2016-11-04 15:45:03',NULL,NULL),(285,1,'','','Los Alamos','NM','87544','5054731141','aurodriguez@unm.edu',NULL,0,NULL,0,NULL,NULL,'2016-11-04 15:49:32',NULL,NULL),(286,1,'','','Los Alamos','NM','87544','5054380014','r49ers@msn.com',NULL,0,NULL,0,NULL,NULL,'2016-11-04 15:48:13',NULL,NULL),(287,1,'','','Los Alamos','NM','87544','5057098007','gwbrown515@gmail.com',NULL,0,NULL,0,NULL,NULL,'2016-11-04 15:50:33',NULL,NULL),(288,1,'','1875 D 24th street','Los Alamos','NM','87544','5052974725','bindumaurya1988@gmail.com',NULL,1,NULL,1,NULL,NULL,'2016-11-04 15:57:25',NULL,NULL),(289,1,'','102 Carlsbad','Los Alamos','NM','87544','5054120332','lamccoren@mindspring.com',NULL,0,NULL,0,NULL,0,'2016-11-04 16:33:51','2017-01-26 17:11:37',NULL),(290,7,'','2205 C 45th Street','Los Alamos','NM','87544','5056707158','jsroman2@msn.com',NULL,0,NULL,1,NULL,0,'2016-11-04 16:39:38','2017-01-26 17:12:30',NULL),(291,7,'','2503 35th Street','Los Alamos','NM','87544','5054127682',NULL,NULL,0,NULL,1,NULL,0,'2016-11-04 16:42:14','2017-01-26 17:13:05',NULL),(292,1,'','60 Entrada','Los Alamos','NM','87544','9206365292','flurrycat87@hotmail.com',NULL,1,NULL,1,NULL,NULL,'2016-11-04 16:57:46',NULL,NULL),(293,1,'','','Los Alamos','NM','87544','6155964380','shashilight@yahoo.com',NULL,0,NULL,0,NULL,NULL,'2016-11-04 17:05:23',NULL,NULL),(294,1,'','','Los Alamos','NM','87544','',NULL,NULL,0,NULL,0,NULL,NULL,'2016-11-04 17:10:20',NULL,NULL),(295,1,'','','Los Alamos','NM','87544','',NULL,NULL,0,NULL,0,NULL,NULL,'2016-11-04 17:11:04',NULL,NULL),(296,1,'','','Los Alamos','NM','87544','','giannamalo@yahoo.com',NULL,2,NULL,1,NULL,NULL,'2016-11-05 16:24:25',NULL,NULL),(297,1,'','','Los Alamos','NM','87544','','pixiemouse29@gmail.com',NULL,0,NULL,0,NULL,NULL,'2016-11-05 17:12:01',NULL,NULL),(298,1,'','','Los Alamos','NM','87544','',NULL,NULL,0,NULL,0,NULL,NULL,'2016-11-05 17:44:05',NULL,NULL),(299,1,'','','Los Alamos','NM','87544','',NULL,NULL,0,NULL,0,NULL,NULL,'2016-11-05 17:46:33',NULL,NULL),(300,1,'','','Los Alamos','NM','87544','',NULL,NULL,1,NULL,1,0,0,'2016-11-08 01:38:47','2016-12-01 20:40:29',NULL),(301,1,'','65 Kachina','Los Alamos','NM','87544','5057097430','yekavi.159@gmail.com',NULL,1,NULL,1,NULL,0,'2016-11-08 17:30:11','2016-11-08 17:33:49',NULL),(302,1,'','','Los Alamos','NM','87544','',NULL,NULL,0,NULL,0,NULL,0,'2016-11-08 18:15:37',NULL,NULL),(303,1,'','','Los Alamos','NM','87544','',NULL,NULL,0,NULL,0,NULL,0,'2016-11-09 16:28:14',NULL,NULL),(304,1,'','','Los Alamos','NM','87544','',NULL,NULL,0,NULL,0,NULL,0,'2016-11-10 16:44:08',NULL,NULL),(305,1,'','','Los Alamos','NM','87544','',NULL,NULL,0,NULL,0,NULL,0,'2016-11-15 17:50:20',NULL,NULL),(306,1,'','1993 Camino Durasnilla','Los Alamos','NM','87544','9202554812','creedmk@yahoo.com',NULL,0,NULL,0,1,0,'2016-11-17 17:33:43','2016-11-17 17:44:41',NULL),(307,1,'','','Los Alamos','NM','87544','',NULL,NULL,0,NULL,0,NULL,0,'2016-11-29 17:32:53',NULL,NULL),(308,1,'Apt c','2010 42nd st','Los Alamos','NM','87544','','herstory112@gmail.com',NULL,0,NULL,0,NULL,0,'2016-11-30 16:48:45',NULL,NULL),(309,5,'Unit B','2302 37th St','Los Alamos','NM','87544','419 236 6080','dillerin@gmail.com',NULL,1,NULL,1,NULL,0,'2016-12-01 17:32:49',NULL,NULL),(310,1,'Apt A','2142 35th Street','Los Alamos','NM','87544','9282793335',NULL,NULL,0,NULL,0,NULL,0,'2016-12-01 17:40:06','2017-01-20 18:10:55',NULL),(311,1,'','','Los Alamos','NM','87544','',NULL,NULL,0,NULL,0,NULL,0,'2016-12-01 20:23:21',NULL,NULL),(312,1,'','357 Grand Canyon Dr','Los Alamos','NM','87544','210-508-4638',NULL,NULL,0,NULL,0,NULL,0,'2016-12-01 20:44:00',NULL,NULL),(313,1,'','2 La Puebla Lane','Los Alamos','NM','87544','505-440-1992','karentapia@hotmail.com',NULL,0,NULL,0,NULL,0,'2016-12-01 20:47:25',NULL,NULL),(314,1,'','1072 48th Street','Los Alamos','NM','87544','5057097480','lisakliberda@gmail.com',NULL,0,NULL,0,0,1,'2016-12-01 20:56:02','2016-12-15 18:22:33',NULL),(315,1,'','','Los Alamos','NM','87544','5054126200','sangeethkan09@gmail.com',NULL,2,NULL,1,NULL,0,'2016-12-02 18:48:47','2016-12-02 18:50:54',NULL),(316,1,'','','Los Alamos','NM','87544','5056610111','nicoleallways@aol.com',NULL,0,NULL,0,0,1,'2016-12-07 19:37:38','2016-12-15 17:57:13',NULL),(317,1,'','236 Cananda Way','Los Alamos','NM','87547','6605878','greenchilenm@gmail.com',NULL,0,NULL,0,0,1,'2016-12-07 19:51:49','2016-12-15 18:14:26',NULL),(318,1,'','3020 Pueblo Grande','Los Alamos','NM','87507','5056708511','karinayusim@msn.com',NULL,0,NULL,0,NULL,0,'2016-12-07 19:55:45',NULL,NULL),(319,1,'','1199 45th Street','Los Alamos','NM','87544','5056950813','jane@darklingx.com',NULL,0,NULL,0,0,1,'2016-12-07 19:57:24','2016-12-15 18:24:53',NULL),(320,1,'Apt B','2273 47th Street','Los Alamos','NM','87544','5416193023','longnondi@gmail.com',NULL,0,NULL,0,0,1,'2016-12-07 19:59:21','2016-12-15 17:59:38',NULL),(321,1,'','PO Box 283','Chimayo ','NM','87522','5059290451','honeygurl1998@yahoo.com',NULL,0,NULL,0,0,1,'2016-12-07 20:09:01','2016-12-15 17:51:25',NULL),(322,7,'','209 Canada Way','White Rock','NM','87547','214-686-7488','kbelobrajdic@gmail.com',NULL,1,NULL,1,0,0,'2016-12-07 20:10:06','2016-12-09 16:58:16',NULL),(323,1,'','','Los Alamos','NM','87544','5055000365',NULL,NULL,0,NULL,0,0,1,'2016-12-07 20:10:41','2016-12-15 18:00:41',NULL),(324,1,'','3 apache plume','Los Alamos','NM','87544','5055538676','angelavest@gmail.com',NULL,1,NULL,2,NULL,0,'2016-12-08 17:01:00',NULL,NULL),(325,7,'','4 Deer Ct','Los Alamos','NM','87544','703-459-5777',NULL,NULL,1,NULL,1,NULL,0,'2016-12-08 17:02:47','2016-12-08 18:08:49',NULL),(326,1,'','1627 Camino uva','Los Alamos','NM','87544','5052578998','jeffery.nicole@gmail.com',NULL,1,NULL,1,NULL,0,'2016-12-09 16:51:47',NULL,NULL),(327,1,'','','Los Alamos','NM','87544','','jiajiaecho85@gmail.com',NULL,1,NULL,1,NULL,0,'2016-12-09 17:32:23',NULL,NULL),(328,1,'','','Los Alamos','NM','87544','',NULL,NULL,0,NULL,0,NULL,0,'2016-12-09 17:47:27',NULL,NULL),(329,1,'','','Los Alamos','NM','87544','','wiley2727@gmail.com',NULL,1,NULL,1,NULL,0,'2016-12-09 18:01:27',NULL,NULL),(330,1,'','660 Los Pueblos','Los Alamos','NM','87544','5056703894','vi.merl@comcast.net',NULL,0,NULL,0,0,1,'2016-12-09 19:11:19','2016-12-15 20:42:10',NULL),(331,1,'','858 45th Street','Los Alamos','NM','87544','5056623080','lghsieh@msn.com',NULL,0,NULL,0,NULL,0,'2016-12-09 19:14:19',NULL,NULL),(332,1,'','4 Timber Ridge','Los Alamos','NM','87544','5056620561','bassangel@comcast.net',NULL,0,'bassdrum314@comcast.net',0,0,1,'2016-12-09 19:17:23','2016-12-15 20:43:24',NULL),(333,1,'','','Los Alamos','NM','87544','2161116',NULL,NULL,0,NULL,0,NULL,0,'2016-12-09 19:23:10',NULL,NULL),(334,3,'','3200 Canyon Rd. Apt 1306','Los Alamos','NM','87544','505-500-4207','ckdowler@gmail.com',NULL,2,NULL,1,0,0,'2016-12-13 18:06:17','2016-12-13 18:41:41',NULL),(335,1,'','Pop box, 434','Los Alamos','NM','87544','5056954116','rosiewindowart@gmail.com',NULL,1,NULL,2,NULL,0,'2016-12-13 18:38:27',NULL,NULL),(336,1,'','904 Capulin','Los Alamos','NM','87544','505-920-8333',NULL,NULL,1,NULL,1,NULL,0,'2016-12-14 17:33:42',NULL,NULL),(337,1,'','9 Vuelta Otha Vanda','Santa Fe','NM','87506','(832) 856-4978',NULL,NULL,2,NULL,1,NULL,0,'2016-12-14 17:37:11',NULL,NULL),(338,4,'','254B County Road 84C','Santa Fe','NM','87506','9796765688','insmcconnell14@gmail.com',NULL,2,NULL,1,NULL,0,'2016-12-14 18:44:45',NULL,NULL),(339,1,'','','Los Alamos','NM','87544','','diana0704@gmai.com',NULL,2,NULL,1,NULL,0,'2016-12-14 18:48:05','2016-12-16 18:39:06',NULL),(340,1,'','','Los Alamos','NM','87544','5053104181',NULL,NULL,0,NULL,0,0,1,'2016-12-15 17:44:52','2016-12-15 18:04:59',NULL),(341,1,'','828 Pine Street','Los Alamos','NM','87544','',NULL,NULL,0,NULL,0,0,1,'2016-12-15 18:08:42','2016-12-15 18:12:51',NULL),(342,1,'','','Los Alamos','NM','87544','',NULL,NULL,0,NULL,0,NULL,0,'2016-12-15 18:17:27',NULL,NULL),(343,1,'','','Los Alamos','NM','87544','',NULL,NULL,0,NULL,0,0,1,'2016-12-15 20:29:15','2016-12-15 20:30:26',NULL),(344,1,'','','Los Alamos','NM','87544','5056625022',NULL,NULL,0,NULL,0,NULL,0,'2016-12-15 20:34:56',NULL,NULL),(345,1,'','','Los Alamos','NM','87544','5059202010',NULL,NULL,0,NULL,0,NULL,0,'2016-12-15 20:36:46',NULL,NULL),(346,1,'','','Los Alamos','NM','87544','672-2214',NULL,NULL,0,NULL,0,NULL,0,'2016-12-15 20:37:44',NULL,NULL),(347,1,'','','Los Alamos','NM','87544','505-490-1535',NULL,NULL,0,NULL,0,NULL,0,'2016-12-15 20:38:23',NULL,NULL),(348,1,'','','Los Alamos','NM','87544','505-920-4849','rox_merc@yahoo.com',NULL,0,NULL,0,NULL,0,'2016-12-15 20:48:21',NULL,NULL),(349,1,'','950 estates dr','Los Alamos','NM','87544','5056958905','tapia.1@comcast.net',NULL,0,NULL,0,NULL,0,'2016-12-20 18:08:27',NULL,NULL),(350,6,'','4401 Dasland Dr','Celina','TX','75009','','romi.farrell14@gmail.com',NULL,1,NULL,2,NULL,0,'2016-12-21 16:33:45',NULL,NULL),(351,1,'','','Los Alamos','NM','87544','',NULL,NULL,2,NULL,1,NULL,0,'2016-12-21 17:46:50',NULL,NULL),(352,7,'','3027 Woodland Rd.','Los Alamos','NM','87544','','ksartor@gmail.com',NULL,1,NULL,1,NULL,0,'2017-01-10 01:34:36',NULL,NULL),(353,5,'','4555 Ridgeway Dr Ut A','Los Alamos','NM','87544','8589268794','kathryn.o.hall@gmail.com',NULL,1,NULL,1,NULL,0,'2017-01-10 03:12:06',NULL,NULL),(354,4,'','2003 B 23rd st','Los Alamos','NM','87544','9709031681','kidi73@hotmail.com',NULL,1,NULL,2,NULL,0,'2017-01-11 17:07:03',NULL,NULL),(355,1,'','5095 Quemazon ','Los Alamos','NM','87544','2174170498','mew88@aol.com',NULL,1,NULL,1,NULL,0,'2017-01-11 17:29:19','2017-01-11 17:29:32',NULL),(356,7,'','3959 Trinity Dr','Los Alamos','NM','87544','2817448722','meganefox83@gmail.com',NULL,1,NULL,1,NULL,0,'2017-01-12 18:40:03',NULL,NULL),(357,5,'','1876 24th Street Apt.A','Los Alamos','NM','87544','7758431574','mishrahemu@gmail.com',NULL,0,NULL,1,NULL,0,'2017-01-14 17:32:53',NULL,NULL),(358,1,'','','Los Alamos','NM','87544','',NULL,NULL,2,NULL,1,NULL,0,'2017-01-19 18:42:58',NULL,NULL),(359,5,'','1310 Myrtle sr','Los Alamos','NM','87544','','jennimac1974 @gmail.com',NULL,1,NULL,2,NULL,0,'2017-01-20 17:34:24',NULL,NULL),(360,1,'','600 La Bajada ','White Rock','NM','87547','513-608-0914',NULL,NULL,0,NULL,0,NULL,0,'2017-01-25 16:53:49',NULL,NULL),(361,1,'','','Los Alamos','NM','87544','',NULL,NULL,0,NULL,0,NULL,0,'2017-01-25 17:03:49',NULL,NULL),(362,1,'','','Los Alamos','NM','87544','',NULL,NULL,0,NULL,0,NULL,0,'2017-01-25 17:04:14',NULL,NULL),(363,1,'','','Los Alamos','NM','87544','',NULL,NULL,0,NULL,0,NULL,0,'2017-01-25 17:04:40',NULL,NULL),(364,1,'','','Los Alamos','NM','87544','',NULL,NULL,0,NULL,0,NULL,0,'2017-01-25 17:05:31',NULL,NULL),(365,1,'','','Los Alamos','NM','87544','',NULL,NULL,0,NULL,0,NULL,0,'2017-01-25 17:17:04',NULL,NULL),(366,1,'','','Los Alamos','NM','87544','',NULL,NULL,0,NULL,0,NULL,0,'2017-01-25 17:17:39',NULL,NULL),(367,1,'','','Los Alamos','NM','87544','',NULL,NULL,0,NULL,0,NULL,0,'2017-01-25 17:18:14',NULL,NULL),(368,1,'','','Los Alamos','NM','87544','',NULL,NULL,0,NULL,0,NULL,0,'2017-01-25 17:19:03',NULL,NULL),(369,1,'','','Los Alamos','NM','87544','',NULL,NULL,0,NULL,0,NULL,0,'2017-01-25 17:19:31',NULL,NULL),(370,1,'','','Los Alamos','NM','87544','',NULL,NULL,0,NULL,0,NULL,0,'2017-01-25 17:19:56',NULL,NULL),(371,1,'','','Los Alamos','NM','87544','',NULL,NULL,0,NULL,0,NULL,0,'2017-01-25 17:20:33',NULL,NULL),(372,7,'3215 Arizona Ave ','','Los Alamos','NM','87544','5056950498','brb690@aol.com',NULL,1,NULL,1,0,0,'2017-01-25 17:31:00','2017-01-26 17:23:16',NULL),(373,1,'','','Los Alamos','NM','87544','',NULL,NULL,0,NULL,0,NULL,0,'2017-01-25 21:22:28',NULL,NULL),(374,1,'','','Los Alamos','NM','87544','',NULL,NULL,0,NULL,0,NULL,0,'2017-01-25 21:23:05',NULL,NULL),(375,1,'','','Los Alamos','NM','87544','',NULL,NULL,0,NULL,0,NULL,0,'2017-01-25 21:23:41',NULL,NULL),(376,1,'','','Los Alamos','NM','87544','',NULL,NULL,0,NULL,0,NULL,0,'2017-01-25 21:28:20',NULL,NULL),(377,1,'','','Los Alamos','NM','87544','',NULL,NULL,0,NULL,0,NULL,0,'2017-01-25 21:28:52',NULL,NULL),(378,1,'','PO Box 1334','Santa Cruz','NM','87567','505-901-7836',NULL,NULL,0,NULL,2,NULL,0,'2017-01-25 21:40:19','2017-01-26 17:15:00',NULL),(379,4,'','PO Box 800','Santa Cruz','NM','87567','',NULL,NULL,0,NULL,2,NULL,0,'2017-01-25 21:40:47','2017-01-26 17:17:16',NULL),(380,1,'','','Los Alamos','NM','87544','',NULL,NULL,0,NULL,0,NULL,0,'2017-01-25 21:41:09',NULL,NULL),(381,1,'','','Los Alamos','NM','87544','',NULL,NULL,0,NULL,0,NULL,0,'2017-01-25 21:41:38',NULL,NULL),(382,1,'','','Los Alamos','NM','87544','',NULL,NULL,0,NULL,0,NULL,0,'2017-01-25 21:41:50',NULL,NULL),(383,7,'','2145 B 35th Street','Los Alamos','NM','87544','570-656-0201','k8hovey@yahoo.com',NULL,0,NULL,2,NULL,0,'2017-01-25 21:42:13','2017-01-26 17:03:54',NULL),(384,7,'','316 Mimbres Dr.','Los Alamos','NM','87544','505-490-0653',NULL,NULL,0,NULL,2,NULL,0,'2017-01-25 21:42:28','2017-01-26 17:16:13',NULL),(385,1,'','','Los Alamos','NM','87544','',NULL,NULL,0,NULL,0,NULL,0,'2017-01-25 21:42:57',NULL,NULL),(386,1,'','','Los Alamos','NM','87544','',NULL,NULL,0,NULL,0,NULL,0,'2017-01-25 21:43:17',NULL,NULL),(387,1,'','','Los Alamos','NM','87544','',NULL,NULL,0,NULL,0,NULL,0,'2017-01-25 21:43:45',NULL,NULL),(388,1,'','','Los Alamos','NM','87544','',NULL,NULL,0,NULL,0,NULL,0,'2017-01-25 21:44:49',NULL,NULL),(389,1,'','','Los Alamos','NM','87544','',NULL,NULL,0,NULL,0,NULL,0,'2017-01-26 16:26:14',NULL,NULL),(390,1,'','','Los Alamos','NM','87544','',NULL,NULL,0,NULL,0,NULL,0,'2017-01-26 16:26:36',NULL,NULL),(391,1,'','','Los Alamos','NM','87544','',NULL,NULL,0,NULL,0,NULL,0,'2017-01-26 16:27:09',NULL,NULL),(392,1,'','','Los Alamos','NM','87544','',NULL,NULL,0,NULL,0,NULL,0,'2017-01-26 16:27:30',NULL,NULL),(393,1,'','','Los Alamos','NM','87544','',NULL,NULL,0,NULL,0,NULL,0,'2017-01-26 16:27:56',NULL,NULL),(394,6,'','2128 Loma Linda Dr','Los Alamos','NM','87544','5127058259','kelliebudge@gmail.com',NULL,1,NULL,1,NULL,0,'2017-01-26 16:42:39',NULL,NULL),(395,3,'','2121 A 33rd Street','Los Alamos','NM','87544','505-412-1425','briannamday@gmail.com',NULL,0,NULL,0,NULL,0,'2017-01-26 16:50:40','2017-01-26 17:07:09',NULL),(396,1,'','','Los Alamos','NM','87544','',NULL,NULL,0,NULL,0,NULL,0,'2017-01-26 16:52:32',NULL,NULL),(397,1,'','2625 A Walnut Street','Los Alamos','NM','87544','505-662-3042','nmstephens6@gmail.com',NULL,0,NULL,1,NULL,0,'2017-01-26 16:59:45','2017-01-26 17:05:22',NULL),(398,7,'','621 47th Street','Los Alamos','NM','87544','','zoe.robles@gmail.com',NULL,0,NULL,1,NULL,0,'2017-01-26 17:01:06','2017-01-26 17:04:44',NULL),(399,1,'','','Los Alamos','NM','87544','',NULL,NULL,2,NULL,1,NULL,0,'2017-01-26 17:20:28',NULL,NULL);
/*!40000 ALTER TABLE `household` ENABLE KEYS */;
UNLOCK TABLES;

--
-- Table structure for table `houseimport`
--

DROP TABLE IF EXISTS `houseimport`;
/*!40101 SET @saved_cs_client     = @@character_set_client */;
/*!40101 SET character_set_client = utf8 */;
CREATE TABLE `houseimport` (
  `id` int(11) DEFAULT NULL,
  `add1` varchar(50) DEFAULT NULL,
  `add2` varchar(50) DEFAULT NULL,
  `city` varchar(50) DEFAULT NULL,
  `state` varchar(10) DEFAULT NULL,
  `zip` varchar(10) DEFAULT NULL,
  `phone` varchar(20) DEFAULT NULL,
  `email` varchar(50) DEFAULT NULL
) ENGINE=InnoDB DEFAULT CHARSET=utf8;
/*!40101 SET character_set_client = @saved_cs_client */;

--
-- Dumping data for table `houseimport`
--

LOCK TABLES `houseimport` WRITE;
/*!40000 ALTER TABLE `houseimport` DISABLE KEYS */;
INSERT INTO `houseimport` VALUES (178,'3000 Trinity Dr. Apt.88','','Los Alamos','NM','87544','5059204102','caitingting35@gmail.com'),(11,'1923 Mendius Lane','','Los Alamos','NM','87544','505-412-3923','diyoung674@gmail.com'),(13,'','','Los Alamos','NM','87544','',''),(14,'2542 46th street','','Los Alamos','NM','87544','6307404916','megs551@yahoo.com'),(15,'1201 San ildefonso','','Los Alamos','NM','87544','505-310-4181','go_hike_now@yahoo.com'),(16,'4220B Trinity Drive','','Los Alamos','NM','87544','5056725078','Thai.hanju@gmail.com'),(17,'91 Zuni St','','Los Alamos','NM','87544','5056951212','lisjump@gmail.com'),(20,'1308 41st Street','','Los Alamos','NM','87544','303-968-5738','Ellen.smalley@hotmail.com'),(21,'107 greasewood mark','','espanola','NM','87532','5059271847','beata_tsosie@yahoo.com'),(22,'4102 fairway','','Los Alamos','NM','87544','',''),(23,'','','Los Alamos','NM','87544','',''),(24,'','','Los Alamos','NM','87544','509-438-4226',''),(27,'2538 35th st unit A','','Los Alamos','NM','87544','9402304886','lissiej@gmail.com'),(28,'2243 46th St.','','Los Alamos','NM','87544','575-640-2039','Ashton.henderson89@gmail.com'),(30,'1671 36th St','','Los Alamos','NM','87544','5056609766','annettepre83@gmail.com'),(31,'2329A 48th St.','','Los Alamos','NM','87544','3146859020','leuler77@gmail.com'),(32,'346 Kayenta Dr.','','Los Alamos','NM','87544','5056703698','emstupka@gmail.com'),(33,'509 Paige Loop','','Los Alamos','NM','87544','505-393-1152','rachelmeyer316@gmail.com'),(34,'4824 a yucca','','Los Alamos','NM','87544','5057090396','chiara.paleari@gmail.com'),(35,'387 Manhattan lp','','Los Alamos','NM','87544','5055071566','rememberthisdom@gmail.com'),(36,'30 Lantana','','Los Alamos','NM','87544','505 670 9740',''),(37,'1438 Camino Medio','','Los Alamos','NM','87544','5408381248','stremilli@gmail.com'),(38,'473 Bryce Ave','','Los Alamos','NM','87544','5056703950','knicholsrd@gmail.com'),(39,'4501 Ridgeway Drive','unit A','Los Alamos','NM','87544','505 257 0483','christin.s.whitton@gmail.com'),(40,'965 Alamo rd.','','Los Alamos','NM','87544','5054702808','Olsen.bw@gmail.com'),(41,'694 45th st','','Los Alamos','NM','87544','419-721-9900','Mafronk21@yahoo.com'),(43,'343 Kimberly','','Los Alamos','NM','87547','5056707769','cariefanning@msn.com'),(44,'2020 Torreon','','Los Alamos','NM','87544','5056612320','phpoole@comcast.net'),(46,'3273 walnut st B','','Los Alamos','NM','87544','7192391092','hannahhughes405@gmail.com'),(47,'146 San Juan St','','Los Alamos','NM','87544','505-500-0223','dockatnm@msn.com'),(48,'1610 Sonrisa','','Los Alamos','NM','87544','518-441-5356','cn17hunter@gmail.com'),(49,'4950 sombra','','Los Alamos','NM','87544','5054122749','rachellouisebragg@gmail.com'),(50,'','','Los Alamos','NM','87544','','mecarp31@yahoo.com'),(51,'1390 Sioux St','','Los Alamos','NM','87544','5056959674','ritabrake@gmail.com'),(52,'1929 41st  Street','','Los Alamos','NM','87544','5055005593','sktondreau@gmail.com'),(53,'2222 38th','','Los Alamos','NM','87544','734-417-3665','Lauren.coupland@gmail.com'),(54,'','','Los Alamos','NM','87544','',''),(56,'103 Manhattan Loop','','Los Alamos','NM','87544','505-500-6350','blueeydangelofnm@gmail.com'),(57,'','','Los Alamos','NM','87544','',''),(58,'683 47th St','','Los Alamos','NM','87544','505-690-3389','bunchofbrowns@comcast.net'),(59,'','','Los Alamos','NM','87544','505-330-7722','raulgrnll@gmail.com'),(60,'3292 walnut st','apt B','Los Alamos','NM','87544','678-629-2735','aaklotz@gmail.com'),(61,'','','Los Alamos','NM','87544','505-920-9688','lbdudley01@msn.com'),(62,'','','Los Alamos','NM','87544','505-412-5382','craames@cybermesa.com'),(63,'3790 gold st apt 10','','Los Alamos','NM','87544','5053851984','schubieboawn@gmail'),(64,'','','Los Alamos','NM','87544','513-608-0914','kunderwooddesign@aol.com'),(65,'414 rover','','Los Alamos','NM','87544','5054127206','Mercedes.sandford@enmu.edu'),(66,'3919 Arizona Ave','Apt A','Los Alamos','NM','87544','610-324-3765','odonnka1@gmail.com'),(67,'103 Carlsbad Ave.','','Los Alamos','NM','87544','505-412-8554','alesperance13@gmail.com'),(68,'4935 North Sol','','Los Alamos','NM','87544','505-999-0436','christinam9021@gmail.com'),(69,'2361 46th st B','','Los Alamos','NM','87544','2179796566','wendykhw@gmail.com'),(70,'','','Los Alamos','NM','87544','505-672-1554',''),(71,'336 members dr','','Los Alamos','NM','87544','2082408631','kstewart613@gmail.com'),(72,'717 44th Street','','Los Alamos','NM','87544','15043884996','Olivia.fobes@gmail.com'),(73,'','','Los Alamos','NM','87544','480-467-8719','elsmith57@gmail.com'),(74,'1028 9th St unit C','','Los Alamos','NM','87544','505-412-3018','cym1186@gmail.com'),(75,'','','Los Alamos','NM','87544','','ying.zhang06@gmail.com'),(76,'3117 woodland rd','','Los Alamos','NM','87544','505-695-9050','Britney.vollans@gmail.com'),(77,'2356 45th st','c','Los Alamos','NM','87544','','Amanda.frohling@gmail.com'),(78,'2459 45th St. apt A','','Los Alamos','NM','87544','(505)709-7889','esvedin86@gmail.com'),(79,'','','Los Alamos','NM','87544','505-660-0937','sandranortier@hotmail.com'),(80,'','','Los Alamos','NM','87544','',''),(81,'3064 Orange st','','Los Alamos','NM','87544','(720)550-3672','aghate@list.ru'),(82,'3136 orange street','','Los Alamos','NM','87544','5057090615','asophie.lacoste@gmail.com'),(83,'600 San Ildefonso Rd','Apt 109','Los Alamos','NM','87544','6616235338','monicalovato22@gmail.com'),(84,'6211 arroyo glen st','','Los Angeles ','ca','90042','',''),(85,'3811#gold st. ','','Los Alamos','NM','87544','505-3105033','tingmin.xjtu@gmail.com'),(86,'68 Loma vista ','','Los Alamos','NM','87544','','yang603@gmail.com'),(87,'99 Carlsbad Ave','','Los Alamos','NM','87547','5055774439','tiggponch@yahoo.com'),(88,'','','Los Alamos','NM','87544','',''),(89,'4165 Trinity Dr Unit B','','Los Alamos','NM','87544','928-210-4939','morriganjr@hotmail.com'),(90,'2487B 45th st','','Los Alamos','NM','87544','5056159267','yenituba@yahoo.com'),(91,'1278 b 41st street','','Los Alamos','NM','87544','2672598195','mschaum25@yahoo.com'),(92,'','','Los Alamos','NM','87544','',''),(93,'1449 Oakwood Loop','','Los Alamos','NM','87544','801-706-4217','Carolyn.tuzel@gmail.com'),(94,'342 joya loop ','','Los Alamos','NM','87544','(505)235-0514','lindarella88@gmail.com'),(95,'301 Aragon Ave','','Los Alamos','NM','87544','7853410256','Emilia.solomon@gmail.com'),(96,'2118 D 44th Street','','Los Alamos','NM','87544','5056950290','iceburg91@msn.com'),(97,'6 banana hill rd ','','espanola','NM','87532','5059272710','amberl_22@yahoo.com'),(98,'4596 Fairway Dr','','Los Alamos','NM','87544','6143131067','grahammissellking@gmail.com'),(99,'1925 Camino mora','','Los Alamos','NM','87544','','kabarnes82@gmail.com'),(126,'','','Los Alamos','NM','87544','',''),(128,'','','Los Alamos','NM','87544','',''),(127,'Zuni St','','Los Alamos','NM','87544','',''),(135,'','','Los Alamos','NM','87544','',''),(129,'','','Los Alamos','NM','87544','',''),(130,'','','Los Alamos','NM','87544','',''),(131,'','','Los Alamos','NM','87544','',''),(132,'','','Los Alamos','NM','87544','',''),(133,'','','Los Alamos','NM','87544','',''),(134,'','','Los Alamos','NM','87544','',''),(100,'','','Los Alamos','NM','87544','',''),(102,'','','Los Alamos','NM','87544','',''),(108,'','','Los Alamos','NM','87544','',''),(120,'','','Los Alamos','NM','87544','',''),(107,'','','Los Alamos','NM','87544','',''),(144,'','','Los Alamos','NM','87544','',''),(145,'','','Los Alamos','NM','87544','',''),(139,'','','Los Alamos','NM','87544','',''),(250,'','','Los Alamos','NM','87544','',''),(167,'','','Los Alamos','NM','87544','',''),(161,'4616 Ridgeway Dr','','Los Alamos','NM','87544','9739034849','af2013nl@gmail.com'),(168,'5 Los Arboles Dr','','Los Alamos','NM','87544','8582453815','kdnadler@gmail.com'),(173,'','','Los Alamos','NM','87544','',''),(174,'','','Los Alamos','NM','87544','',''),(104,'','','Los Alamos','NM','87544','',''),(119,'','','Los Alamos','NM','87544','',''),(137,'','','Los Alamos','NM','87544','',''),(169,'','','Los Alamos','NM','87544','',''),(141,'','','Los Alamos','NM','87544','',''),(109,'3034 Nickel St','','Los Alamos','NM','87544','5053316911','alejandra@wernicke.com'),(157,'','','Los Alamos','NM','87544','3164135052','hayley_eileen@gmail.com'),(165,'149 40th St','','Los Alamos','NM','87544','5057090680','baby.bear12411@gmail.com'),(170,'','','Los Alamos','NM','87544','5419050120','lindsaymarie@ymail.com'),(176,'','','Los Alamos','NM','87544','8652097914','h.g.c.schmitt@gmail.com'),(110,'1738 CR 119','','Hespenos','CO','81326','9705883699',''),(140,'','','Los Alamos','NM','87544','',''),(118,'','','Los Alamos','NM','87544','5056951233','jbaily1234@yahoo.com'),(122,'','','Los Alamos','NM','87544','',''),(124,'','','Los Alamos','NM','87544','',''),(125,'','','Los Alamos','NM','87544','',''),(154,'550 hoven weep loop','','Jemez Springs','NM','87025','5758294168','apcroce@gmail.com'),(226,'2117 41st Street','Apt B','Los Alamos','NM','87544','5059131803','Amanda.b.white@gmail.com'),(228,'2889 A nickel','','Los Alamos','NM','87544','',''),(142,'','','Los Alamos','NM','87544','',''),(143,'','','Los Alamos','NM','87544','',''),(138,'55 Kachina','','Los Alamos','NM','87544','5055004248','kate.cleveland@gmail.com'),(114,'3553 Pueblo Dr','','Los Alamos','NM','87544','2084096915','charmingquark4t@gmail.com'),(234,'18 Private Drive 1342','','Espanola','NM','87532','','pequenalulurara@gmail.com'),(235,'940 Estates Dr','','Los Alamos','NM','87544','5056626559','gaurilprasad@yahoo.com'),(236,'','','Los Alamos','NM','87544','',''),(237,'2232 37th street','','Los Alamos','NM','87544','505-690-5624','jodi@jurneynet.com'),(238,'390 El Conejo St.','','Los Alamos','NM','87544','281-992-2087','carissawaida@hotmail.com'),(239,'2117-B 43rd Street','','Los Alamos','NM','87544','505-795-2277','meanderwithme@gmail.com'),(240,'','','Los Alamos','NM','87544','',''),(241,'2889 nickel','','Los Alamos','NM','87544','5056909005','bekford57@yahoo.com'),(242,'','','Los Alamos','NM','87544','',''),(243,'','','Los Alamos','NM','87544','',''),(244,'','','Los Alamos','NM','87544','',''),(245,'','','Los Alamos','NM','87544','',''),(246,'','','Los Alamos','NM','87544','','teresakbuck@yahoo.com'),(247,'3691 Arizona Ave.','','Los Alamos','NM','87544','5056955788','lady_celia@yahoo.com'),(147,'505 Oppenheimer dr, unit 505m','','Los Alamos','NM','87544','6303408376','Chen.leroux@gmail.com'),(249,'817 45th st','','Los Alamos','NM','87544','5059278865','montylove331@gmail.com'),(251,'100 La Cueva','','Los Alamos','NM','87544','1-734-664-6393','lhwilliamson@gmail.com'),(252,'1675 C 16th Street','','Los Alamos','NM','87544','5059275799','blairzybear7492@gmail.com'),(255,'68 Joya loop','','white rock','NM','87547','505-672-3677','grace.casados@yahoo.com'),(256,'','','Los Alamos','NM','87544','(215)429-1805','farrowbaby@gmail.com'),(257,'814 s mcCurdy Rd','','espanola','NM','87532','',''),(258,'901 Jemez view st','','espanola','NM','87532','5056145475','steinjessicam@gmail.com'),(259,'','','Los Alamos','NM','87544','','');
/*!40000 ALTER TABLE `houseimport` ENABLE KEYS */;
UNLOCK TABLES;

--
-- Table structure for table `income`
--

DROP TABLE IF EXISTS `income`;
/*!40101 SET @saved_cs_client     = @@character_set_client */;
/*!40101 SET character_set_client = utf8 */;
CREATE TABLE `income` (
  `id` int(11) NOT NULL AUTO_INCREMENT,
  `income` varchar(30) DEFAULT NULL,
  `display` tinyint(1) DEFAULT '1',
  PRIMARY KEY (`id`)
) ENGINE=InnoDB AUTO_INCREMENT=8 DEFAULT CHARSET=utf8;
/*!40101 SET character_set_client = @saved_cs_client */;

--
-- Dumping data for table `income`
--

LOCK TABLES `income` WRITE;
/*!40000 ALTER TABLE `income` DISABLE KEYS */;
INSERT INTO `income` VALUES (1,'No Answer',1),(2,'under 20K',1),(3,'20K - 40K',1),(4,'40K - 60K',1),(5,'60K - 80K',1),(6,'80K - 100K',1),(7,'over 100K',1);
/*!40000 ALTER TABLE `income` ENABLE KEYS */;
UNLOCK TABLES;

--
-- Table structure for table `patron`
--

DROP TABLE IF EXISTS `patron`;
/*!40101 SET @saved_cs_client     = @@character_set_client */;
/*!40101 SET character_set_client = utf8 */;
CREATE TABLE `patron` (
  `id` int(11) NOT NULL AUTO_INCREMENT,
  `first` varchar(30) DEFAULT NULL,
  `last` varchar(30) DEFAULT NULL,
  `birthyear` int(11) DEFAULT NULL,
  `gender` tinyint(4) DEFAULT NULL,
  `ethnicity` tinyint(4) DEFAULT NULL,
  PRIMARY KEY (`id`)
) ENGINE=InnoDB AUTO_INCREMENT=932 DEFAULT CHARSET=utf8;
/*!40101 SET character_set_client = @saved_cs_client */;

--
-- Dumping data for table `patron`
--

LOCK TABLES `patron` WRITE;
/*!40000 ALTER TABLE `patron` DISABLE KEYS */;
INSERT INTO `patron` VALUES (30,'Diane','Young',1974,3,3),(32,'Binh ','Wakeford',1975,3,4),(33,'Megan','Lausen',1975,3,5),(34,'Hanju','Tsai',1979,3,4),(35,'Sean','Lo',NULL,2,4),(36,'Lyla','Lo',NULL,3,4),(37,'Glyn','Lo',NULL,2,NULL),(38,'Olga','Belooussova',1971,3,5),(40,'Lisabeth','Lueninghoener ',1980,3,5),(41,'Madeline','Lueninghoener ',2009,3,5),(42,'Emily','Lueninghoener ',2011,3,5),(43,'Timothy','Lueninghoener',2015,2,5),(44,'Ellen ','Smalley',1981,3,5),(45,'Duane','Smalley',1983,2,5),(46,'Millicent','Smalley',2012,3,5),(47,'Erik','Smalley',2015,2,5),(48,'Beata','Tsosie',NULL,3,6),(49,'Antonio','Maggiore',1977,2,5),(51,'Lissie','Ham',1982,3,5),(52,'Michael ','Ham',1981,2,5),(53,'Ashton ','Henderson ',1989,3,5),(54,'Annette','Preston',1983,3,3),(55,'Lisa','Euler',1977,3,5),(56,'Garrett','Euler',1982,2,5),(57,'Erika','Stupka',1987,3,5),(58,'Rachel','Meyer',1990,3,5),(59,'Chad','Meyer',1985,2,5),(60,'Henry','Meyer',2013,2,5),(61,'Thomas','Meyer',2015,2,5),(62,'Chiara','Paleari',NULL,3,5),(63,'Maria','Dinkel',1988,3,5),(64,'Elijah','Dinkel',2012,2,5),(65,'Nora','Arbuckle',1975,3,4),(66,'Stephanie','Remillieux',1987,3,5),(67,'Kristen','Nichols ',1987,3,5),(68,'Christin','Whitton',1986,3,5),(71,'Bonnie','Olsen',1987,3,5),(72,'Missy','Fronk',1986,3,5),(73,'Carie','Fanning',1968,3,5),(74,'Mike','Fanning',1963,2,5),(75,'Katherine','Fanning',2002,3,5),(76,'Brianne','Fanning',NULL,3,5),(77,'Pamela','Poole',1962,3,5),(78,'Carson','Poole',2007,2,5),(79,'Bob','Poole',1959,2,5),(81,'Cami','Charonko',NULL,3,5),(82,'Kristen','Charonko',NULL,3,5),(83,'John','Charonko',NULL,2,5),(84,'Hannah','Hughes',1987,3,5),(85,'Laci','Hughes',2015,3,NULL),(86,'Samuel','Hughes',2013,2,NULL),(87,'Kathy','Brooks',1964,3,5),(88,'Rylee','Brooks',2014,3,5),(89,'Sam','Reeves',2015,2,5),(90,'Nico','Reeves',2015,2,5),(91,'Christine ','Hunter ',0,3,5),(92,'Kennedy','Hunter',0,3,5),(93,'Wendy','Nelson',0,3,5),(94,'Kristin','Mortensen',0,3,5),(95,'Rachel','Bragg',1985,3,5),(96,'Chloe','Bragg',2013,3,5),(97,'Sarah','Bragg',2016,3,5),(98,'Rita ','Brake',1984,3,NULL),(99,'Mike','Brake',1980,2,NULL),(100,'Jeremiah','Brake',2012,2,NULL),(101,'Charlie','Brake',2015,NULL,NULL),(102,'Sarah','Tondreau',1983,3,5),(103,'Benjamin','Tondreau',2013,2,5),(104,'Nathaniel','Tondreau',2016,2,5),(105,'Lauren ','Coupland',1984,3,5),(106,'Daniel','Coupland',1984,2,5),(107,'Owen','Coupland',2011,2,5),(108,'Samuel ','coupland',2015,2,5),(109,'Felicity ','Dinkel ',2014,3,5),(110,'Dominic','Dinkel',1988,2,5),(111,'Susanna ','Roberts',1987,3,5),(112,'Aurora ','Roberts-Voss',2014,3,5),(113,'Melissa','Brown',1970,3,5),(114,'Alicia ','Klotz',1986,3,5),(115,'Frances','Weaver',2014,3,5),(116,'Arthur','Weaver',2016,2,5),(117,'Alex','Euler',2013,2,5),(118,'Broderick','Euler',2014,2,5),(119,'Ginny','Boawn',1950,3,5),(120,'Anneliese','Weber',2015,3,5),(121,'Emma','Weber',1980,3,5),(122,'Daniel','Belooussova',2011,2,5),(123,'Mercedes','Zopfi',1988,3,5),(124,'Autumn','Zopfi',NULL,3,5),(125,'Archer','Zopfi',NULL,2,5),(126,'Kristine','Sandford',1968,3,5),(127,'Katherine','Christoffersen',1982,3,5),(128,'Belle','Christoffersen',2012,3,5),(129,'Bradley','Christoffersen',1981,2,5),(130,'Alex','L\'Esperance',1995,3,5),(131,'Antoinette','L\'Esperance',2014,3,5),(132,'Christy','Brenner',1990,3,5),(133,'Charlotte','Brenner',2013,3,5),(134,'Marie','Brenner',2015,3,5),(135,'Isaac','Chu',2015,2,4),(136,'Kylie','Stewart',1987,3,5),(137,'Trevor','Stewart',1986,2,5),(138,'Xandri','Stewart',2011,3,5),(139,'Sophie','Stewart',2012,3,5),(140,'Tori','Stewart',2014,3,5),(141,'Finley','Ham',2012,2,5),(142,'Trevor','Ham',2016,2,5),(143,'Olivia ','Dong',1984,3,4),(144,'Evelyn','Fobes',2013,3,9),(145,'Christina','McCormick',1986,3,5),(146,'Kira-Noelle','Lopez',2013,3,3),(147,'Michaela','Lopez',2016,3,3),(148,'Robert','Lopez',1980,2,3),(149,'Cameo','Zhang',NULL,3,4),(150,'Evan','Fu',2014,2,4),(151,'Abby','Fu',2012,3,4),(153,'Brittney','Vollans',1986,3,5),(154,'Dan','Vollans',1987,2,5),(155,'Elisabeth','Harrison',NULL,3,5),(156,'Kisty','Harrison',NULL,3,5),(157,'Patrick','Harrison',NULL,2,5),(158,'Grace','Waters',2016,3,4),(159,'Sophie','Lacoste',1986,3,5),(160,'Jean','Blancon',1986,2,5),(161,'James','Blancon-Lacoste',2015,2,5),(162,'Monica ','Romo',1990,3,3),(163,'Fernando','Romo',1989,2,3),(164,'Isaac ','Romo',2013,2,3),(165,'Elena','Romo',2014,3,3),(166,'Ting','Min',1986,3,4),(167,'Emily','Chen',2014,3,4),(168,'Yang','Jacobsen',NULL,3,NULL),(169,'Matt','Jacobsen',NULL,2,NULL),(170,'Haley','Jacobsen',NULL,3,NULL),(171,'Christie','Haynes ',1981,3,5),(172,'Met','Haynes',1977,2,3),(173,'Malaya','Haynes',2007,3,3),(174,'Cielo','Haynes',2012,3,3),(178,'Judith','Ramirez',1983,3,3),(179,'Elias','Chiquete',2010,2,3),(180,'Theo','Chiquete',2012,2,3),(181,'Carlos','Chiquete',1982,2,3),(182,'Tuba','Owens',1976,NULL,5),(183,'Jacob','Owens',2011,2,9),(184,'Jeremy','Owens',2014,2,9),(185,'Israel','Owens',1974,2,9),(186,'Melissa ','Schaum Nguyen',NULL,3,NULL),(187,'Lily','Nguyen',NULL,3,NULL),(188,'','',NULL,NULL,NULL),(189,'Carolyn','Tuzel',1980,3,5),(190,'Szymon','Tuzel',1983,2,5),(191,'Adrianna','Tuzel',2010,3,5),(192,'Natalia','Tuzel',2012,3,5),(193,'Eliza','Tuzel',2015,3,5),(194,'Lindsay ','Arellano ',1988,3,5),(195,'Ira','Arellano',2009,NULL,3),(196,'Jonathan','Arellano',2011,2,3),(197,'Acacia','Arellano',2015,3,3),(198,'Emilia','Solomon',1979,3,5),(199,'Solomon','Solomon',2012,3,5),(200,'Samantha','Solomon',2014,3,5),(201,'Burgandy','Brock',1991,3,3),(202,'Sonny','Liberty',2012,2,5),(203,'Ava','Garsik',2015,3,5),(204,'Drew','Garsik',1988,2,5),(205,'Amber','Lovato',1993,3,3),(206,'Josiah','Martinez',2011,2,3),(207,'Graham','King',1981,2,5),(208,'Katharine','Garduno-King',1973,3,5),(209,'Elliot','King',2014,2,5),(211,'Jessie','Dixon',0,3,0),(212,'Maren','Dixon',0,3,0),(213,'Charlie','Dixon',0,3,0),(215,'Karen','Brown',NULL,3,NULL),(216,'Isaac','Brown',NULL,2,NULL),(217,'Eric','Brown',NULL,2,NULL),(218,'Olivia','Brown',NULL,3,NULL),(221,'Kelly','Dolejsi',NULL,3,NULL),(222,'Amelia','Dolejsi',NULL,3,NULL),(223,'Jocelyn','Dolejsi',NULL,3,NULL),(224,'Michael','Dolejsi',NULL,2,NULL),(225,'Terra','Hite',NULL,3,NULL),(226,'Dave','Hite',NULL,2,NULL),(227,'Jane','Hite',NULL,3,NULL),(228,'William','Hite',NULL,2,NULL),(229,'Michele','Holtkamp',NULL,NULL,NULL),(230,'Ruby','Holtkamp',NULL,3,NULL),(231,'Sebastion','Holtkamp',NULL,2,NULL),(232,'Jenn','Best',NULL,3,NULL),(233,'Alejandra','Wernicke',NULL,3,NULL),(234,'James','Wernicke',NULL,2,NULL),(235,'Trey','Wernicke',NULL,2,NULL),(236,'Luna','Wernicke',NULL,NULL,NULL),(237,'Marcella','Brashear',NULL,3,5),(242,'Elise','Tang',0,3,0),(247,'JoLynn','Baily',NULL,3,5),(248,'Madalyn','Baily',2008,3,5),(249,'Samantha','Baily',2011,3,5),(250,'Erin','Green',NULL,3,NULL),(251,'Jake','Green',NULL,2,NULL),(252,'Charlotte','Green',NULL,3,NULL),(253,'Emily','Green',NULL,3,NULL),(254,'Melinda','Atkinson',0,3,0),(258,'Katie','Gattiker',NULL,3,NULL),(259,'Kieran','Gattiker',2008,2,NULL),(260,'Cara','Gattiker',2009,3,NULL),(266,'Ewan','Archibald',NULL,2,NULL),(267,'Ewan\'s ','Babysitter',NULL,2,NULL),(268,'Amy','Canzona',NULL,3,NULL),(271,'April','Wheeler',NULL,3,NULL),(272,'Melissa','Goldman',NULL,3,NULL),(273,'Carrie','Shimek',1980,3,0),(274,'Andrea','Meyer',NULL,3,NULL),(275,'Kimberly','Peterson',NULL,3,NULL),(276,'Tara','Adams',NULL,3,NULL),(277,'Ali','Semanision',NULL,3,NULL),(278,'Melissa','Hornung',NULL,3,NULL),(279,'Barbara','Mayson',NULL,3,NULL),(280,'Erin','Tatge',NULL,3,NULL),(285,'Kate','Cleveland',0,3,5),(286,'Alana','Cleveland',0,3,5),(287,'Cathleen','Hewlett',NULL,3,NULL),(288,'Mandy','Marksteiner',NULL,NULL,NULL),(289,'Alyssa','Reeves',0,3,5),(293,'Claire','Sanders',NULL,3,NULL),(294,'Robert','Sanders',NULL,2,NULL),(295,'David','Sanders',NULL,2,NULL),(296,'Sarah','Sanders',NULL,3,NULL),(297,'Emily','Sanders',NULL,3,NULL),(302,'Mother','Person',NULL,NULL,NULL),(303,'Father','Person',NULL,NULL,NULL),(304,'Child1','Person',NULL,NULL,NULL),(305,'Child2','Person',NULL,NULL,NULL),(306,'Child3','Person',NULL,NULL,NULL),(307,'Child4','Person',NULL,NULL,NULL),(308,'Child5','Person',NULL,NULL,NULL),(310,'Adult','Adult',NULL,NULL,NULL),(311,'Adult','Adult',NULL,NULL,NULL),(314,'Mary','Younk',NULL,3,NULL),(315,'Daniel','Younk',NULL,2,NULL),(316,'Thomas','Younk',NULL,2,NULL),(317,'Sarah','Nichols',NULL,3,NULL),(323,'Chen','Zhang',NULL,3,4),(324,'Sophie ','Leroux',NULL,3,9),(349,'Alexis','Croce',1987,3,5),(350,'Cora','Croce',2012,3,5),(351,'Eva','Croce',2016,3,5),(358,'Hayley','Patten',NULL,3,NULL),(359,'William','Patten',NULL,2,NULL),(370,'Chelsea','Morales',NULL,3,5),(371,'River','Morales',NULL,NULL,5),(372,'Caitlyn','Bain',NULL,3,NULL),(373,'Addison','Bain',NULL,3,NULL),(374,'McKenna','Bain',NULL,3,NULL),(376,'Lindsay','Huckett',NULL,3,NULL),(377,'Child','Huckett',NULL,NULL,NULL),(378,'Aedin','Loychik',0,3,5),(385,'Ketevan','Ussery',NULL,3,NULL),(386,'John','Ussery',NULL,2,NULL),(387,'Kristi','Mackey',NULL,3,NULL),(388,'Kristy','Nadler',1982,3,5),(389,'Brett','Nadler',1978,2,5),(390,'Keri','Nadler',2009,3,5),(391,'Brooke','Nadler',2011,3,5),(392,'Jeanette','Chavez',NULL,NULL,NULL),(393,'Erin','Lay',NULL,NULL,NULL),(394,'Amy','Guthormsen',NULL,NULL,NULL),(395,'Charlotte','Lay',NULL,NULL,NULL),(399,'Hannah','Schmitt',NULL,3,NULL),(400,'Child','Schmitt',NULL,NULL,NULL),(402,'Catherine','Cai',0,3,4),(453,'Walter','Lay',NULL,NULL,NULL),(455,'Cesar','Chavez',NULL,NULL,NULL),(467,'Theophane','Mackey',NULL,2,NULL),(468,'Maya','Mackey',NULL,3,NULL),(469,'Kira','Mackey',NULL,3,NULL),(470,'Ali','Mackey',NULL,3,NULL),(472,'Patrick','Younk',NULL,2,NULL),(497,'LeAnn','Arnold',NULL,3,NULL),(499,'Phoebe','Archibald',NULL,3,NULL),(500,'Mikahl','Adams',NULL,2,NULL),(501,'Lauren','Moro',NULL,3,5),(504,'Amanda','White',1976,3,5),(505,'Lincoln','Knief',2016,2,5),(506,'Eliza','Knief',2013,3,5),(507,'Pam','Bello',NULL,3,NULL),(508,'Madison ','Morgan',2013,3,NULL),(509,'Mason','Geans',2008,2,NULL),(510,'Malachi','Morales',NULL,NULL,5),(522,'Nicholas','Loychik',0,2,5),(524,'Matt','Cleveland',0,2,5),(526,'Ellie','Cleveland',0,3,5),(528,'Faye','Tang',0,3,0),(529,'Norma','Navarro',1970,3,3),(530,'Sophia','Sonara',2015,3,3),(531,'Gauri','Prasad',0,0,4),(532,'Child2','Prasad',2002,0,4),(533,'Child1','Prasad',1999,0,4),(534,'Joanne','Lestone',NULL,3,NULL),(535,'Jodi','Jurney',1970,3,5),(536,'Carissa','Waida',1979,3,5),(537,'Michael','Pratt',1977,2,5),(538,'Jonah','Pratt',2007,2,5),(539,'Nate','Pratt',2008,2,5),(540,'Simon','Pratt',2009,2,5),(541,'Allison','Collins',1971,3,5),(542,'Maya','Collins',2004,3,5),(543,'Gavin','Collins',2008,2,5),(544,'Bekah','Seitz ',1983,3,5),(545,'Jaxson','Seitz',2014,2,5),(546,'Prisca','Yoder',NULL,3,NULL),(547,'Margret','King',2016,3,5),(548,'Brooke','Neese',NULL,3,NULL),(549,'Evey','Neese',NULL,3,NULL),(550,'Elliot','Neese',NULL,2,NULL),(551,'Brian','Olsen',1983,2,5),(552,'Avery','Olsen',2009,3,5),(553,'Aspen','Olsen',2011,3,5),(554,'Tristan','Olsen',2013,2,5),(555,'Truitt','Olsen',2016,2,5),(556,'Teresa','Buck',1977,3,NULL),(557,'Sydney','Buck',NULL,3,NULL),(558,'Elizabeth','Buck',NULL,3,NULL),(559,'Hailey','Buck',NULL,3,NULL),(560,'Celia','Browne',1959,3,5),(561,'Stephanie','Fanning',NULL,3,5),(562,'Noma','Navam',NULL,3,NULL),(563,'Sophia','Navan',NULL,3,NULL),(564,'Michelle','Jensen',0,3,5),(565,'Brittany','Carpenter',0,3,5),(566,'Heather','Carson',NULL,3,NULL),(567,'Dan','Rushton',0,2,5),(568,'Amber','Rushton',0,3,5),(569,'Raul','Granillo',0,2,3),(570,'Laurie','Dudley',0,3,5),(571,'Jerry','Dudley',0,2,5),(572,'Curl','Ames',0,2,0),(573,'Anita','Ames',0,3,0),(574,'Ben','Underwood',0,2,5),(575,'Kimberly','Underwood',0,3,5),(576,'Zaem','Hamood',NULL,2,NULL),(577,'Mary','Nunz',NULL,NULL,NULL),(578,'Erin','Smith',NULL,3,5),(579,'Amanda ','Frohling',1987,3,5),(580,'Zach','Frohling',1986,2,5),(581,'Chase','Frohling',2014,2,NULL),(582,'Emery','Frohling',2016,3,NULL),(586,'Christina','Montoya',1985,3,9),(587,'Frankie','Montoya',NULL,NULL,NULL),(588,'Sandra','Nortier',NULL,3,NULL),(589,'Erik','Moro',NULL,2,NULL),(590,'Charlotte','Moro',2012,3,NULL),(591,'Hannah','Moro',2014,3,NULL),(592,'Eliana','Moro',2014,3,NULL),(593,'Jordan','Redmond',1983,2,5),(594,'Blair','Redmond',1992,3,3),(595,'Severus','Redmond',2014,2,3),(596,'Edelweiss','Redmond',2016,3,3),(597,'Kristin ','Barnes ',NULL,3,NULL),(598,'Mathilda ','long ',2016,3,NULL),(599,'Amber','Spence',NULL,NULL,NULL),(600,'Ada','Spence',NULL,NULL,NULL),(601,'Penn','Spence',NULL,NULL,NULL),(602,'Aimee','Morrison',NULL,3,5),(603,'Dalton','Zurbrugg',2015,2,5),(604,'Genevieve ','adell',1972,3,5),(605,'gannon','ring',2013,2,5),(606,'','',NULL,NULL,NULL),(609,'Grace','Casados',NULL,NULL,3),(611,'Lennon','Descham',2011,2,3),(612,'Hendrix','Descham',2014,2,3),(613,'Denise','Matthews',NULL,3,NULL),(614,'Child','Matthews',NULL,3,NULL),(615,'Grace Anna','Farrow',NULL,3,9),(616,'Edith','Farrow',NULL,3,9),(617,'Dorothy','Farrow',NULL,3,NULL),(618,'tiffany','pierce',0,0,0),(619,'ethan','Pierce',0,0,0),(620,'sean','Pierce',0,0,0),(621,'jessica','stein',1979,3,5),(622,'max','garcia',2006,2,3),(623,'dez','garcia',2008,2,3),(624,'ariadne','garcia',2016,3,3),(625,'Cory','Lueninghoener',1979,2,5),(626,'Arya','Evans',2012,3,5),(627,'Maggie','Durham',1945,3,5),(628,'Nata','Gadzhiyeva',1980,3,5),(629,'Mika','Jafarov',2012,2,5),(630,'Max','Jafarov',2015,2,5),(631,'Melia','Arbuckle',2013,3,0),(632,'Freja','Arbuckle',2016,3,0),(633,'Jeffrey','Arbuckle',1979,2,5),(634,'Holly','Perry',1983,3,5),(635,'Chloe','Perry',2014,3,5),(636,'Helen','Idzorek',1980,3,5),(637,'Lynn','Zollinger',0,3,5),(638,'David','Li',0,2,4),(639,'Gloria','Li',0,3,4),(640,'Sy','Stange',1977,3,5),(641,'Linnea','Stange',2015,3,5),(642,'Rowan','Rosenow',2014,2,5),(643,'Rhys','Rosenow',2015,2,5),(644,'Melissa','Doran',0,3,5),(645,'Michael ','Doran',0,2,5),(646,'Terra','Hite',0,3,0),(647,'William','Hite',0,2,0),(648,'Jane','Hite',0,3,0),(649,'David','Hite',0,2,0),(650,'John','Ussery',0,2,0),(651,'Laurel','Roberts',0,3,0),(652,'Yulie','Zamora',1988,3,8),(653,'Rick ','Zamora',1988,2,5),(654,'Laura','Zamora ',1959,3,5),(655,'Derek','Zamora',2014,2,8),(656,'Desta','Parkinson',1990,3,5),(657,'McKindrey','Parkinson',2013,3,5),(658,'Calise','Parkinson',2014,3,5),(659,'Wakely','Parkinson',2016,2,5),(660,'Sarah','Frain',1991,3,5),(661,'Liam','Evans',2013,2,5),(662,'Jonas','Whitton',0,2,0),(663,'Nora','Whitton',0,3,0),(664,'Liesl','Whitton ',0,3,0),(665,'Patricia','Burnside',0,0,0),(666,'Owen','Jeffrey ',2016,2,0),(667,'Curtis','Euler',2016,2,5),(668,'Amanda','MacDonald',1969,3,5),(669,'Sarah','MacDonald',2007,3,5),(670,'Grace','Lin',2014,3,4),(671,'Leia','Lin',2012,3,4),(672,'Elizabeth','Daly',1955,3,5),(673,'Zdenek','Certik',2012,2,5),(674,'Daniel','Certik',2015,2,5),(675,'Lyuba ','Georgieva',1982,3,5),(676,'Daniel','Georgiev',2015,2,5),(677,'Henry','Blancon-Lacoste',2016,2,5),(678,'Jeni','Jurney',2004,3,5),(679,'Smita','Ramsey',0,3,0),(680,'Janet','Trask',0,3,0),(681,'Aracelli','Castillo',0,3,0),(682,'Carrey','Parrack',0,3,0),(683,'Jennifer','Storkan',0,3,0),(684,'Alasha','Trejo',0,3,0),(685,'Leigha','Oliver',0,3,0),(686,'Olivia','Lima',0,3,0),(687,'Jennifer','Newman',0,3,0),(688,'MaryAnn','Schnedler',0,3,0),(689,'Dave','Schnedler',0,2,0),(690,'Audrianna','Rodriguez',0,3,0),(691,'Mary','Lovato',0,3,0),(692,'Norma','Pacheco',0,3,0),(693,'Miria','Perez',0,3,0),(694,'Sally','Brown',0,3,0),(695,'Bindu','Maurya',1988,3,4),(696,'Krishang','Maurya',2015,2,4),(697,'Sandip','Maurya',1986,2,4),(698,'Micah','McCoren',0,2,5),(699,'Lucia','Roman',0,3,3),(700,'Harper','Barras',0,0,0),(701,'Daniel','Juime',0,2,3),(702,'Casey','Juime',0,3,3),(703,'Angela','Juime',0,3,0),(704,'Ty','Juime',0,2,0),(705,'Shashi','Charles',0,3,0),(706,'Moss','Shimek',2008,2,0),(707,'Nadja','Thoene',0,3,0),(708,'Andrea','Brito',0,3,0),(709,'Kirk','Reeves',0,2,5),(710,'Dana','Brooks',0,3,5),(711,'Gianna','Delorey',1974,3,0),(712,'Andrew','Delorey',1970,2,0),(713,'Owen','Delorey',2010,2,0),(714,'Julian','Delorey',2013,2,0),(715,'Suchitra','Ramani',0,3,0),(716,'Matthew','Reiten',0,2,0),(717,'Kavya','Reiten',0,3,0),(718,'Saree ','Clark',1981,3,0),(719,'David ','Clark',1982,2,0),(720,'Makiah','Clak',2013,3,0),(721,'Chris','Sewell',0,2,0),(722,'Sarah','Sewell',0,3,0),(723,'Isaac','Sewell',0,2,0),(724,'Jacqueline','Reardon',0,3,0),(725,'Emilio','Reardon',2016,2,0),(726,'Yesica','Garcia',1995,3,3),(727,'Julian','Delorey',2013,2,5),(728,'Vera','Likhova',0,3,0),(729,'Darina','Likhova',0,3,0),(730,'Dayong','Yang',1957,2,4),(731,'Shuyan','Cao',1956,3,4),(732,'Xuanyue','Lin',2014,3,0),(733,'Roanna','Carreo',0,3,3),(734,'John','Peak',0,0,0),(735,'Doe','Chapman',1957,3,9),(736,'Malek ','Berman',2013,2,9),(737,'Chantielle','Hanson',1980,3,0),(738,'Boy','Hanson',2013,2,0),(739,'Sara','Scott',0,0,0),(740,'Silas','Huckett',0,0,0),(741,'Taylor','Huckett',0,0,0),(742,'Hongchul','Choi',1979,2,4),(743,'Suyeong','Hwang',1980,3,4),(744,'Ian','Choi',2014,2,4),(745,'Erin','Suderman ',1986,3,5),(746,'Luke','Suderman ',2014,2,5),(747,'Christian','Stone',1989,3,0),(748,'Child 1','',2013,3,0),(749,'LIz ','Laemmle',0,3,5),(750,'Claire','Reardon',2013,3,0),(751,'Dora','Kliesen',1980,3,0),(752,'Brian','Kliesen',1980,2,0),(753,'Rory','Kliesen',2014,0,0),(754,'Luke','Kliesen',2014,0,0),(755,'Karen ','Tapia',1981,3,0),(756,'Madeline','Tapia',2002,3,0),(757,'Katelyn','Tapia',2002,3,0),(758,'Lisa','Liberda',0,3,0),(759,'Child 1','Liberda',0,0,0),(760,'Child 2','Liberda',0,0,0),(761,'Child 3','Liberda',0,0,0),(762,'Sangeetha','Kannan',1980,3,0),(763,'Lakshana','Kannan',2010,3,0),(764,'Thangavishnu','Kannan',2015,2,0),(765,'Adult 2','',0,0,0),(766,'Kane','Perry',2016,2,5),(767,'David','Dixon',0,1,0),(768,'Nikola','Shimek',2009,0,0),(769,'Nicole ','Fellers',0,0,0),(770,'Patti','Delgado',1980,3,0),(771,'Karina','Yusim',1985,0,0),(772,'Isaac','Chigaev',2013,0,0),(773,'Jane','Lin',0,0,0),(774,'Nondi','Long',0,0,0),(775,'Alexandria','Sherwood',0,0,0),(776,'Brian','Belobrajdic',2010,2,5),(777,'Dawson','Belobrajdic',2013,2,5),(778,'Katie','Belobrajdic',1981,3,5),(779,'Parent','Medin',0,0,0),(780,'Anders','Medin',0,0,0),(781,'Angela','Vest',1981,3,5),(782,'Jayla','Vest',2013,3,5),(783,'Bethany','Scott',1978,3,5),(784,'Brian','Scott',2015,0,0),(785,'Daniel','Scott',2013,0,0),(786,'Nicole','Jeffery',1971,3,8),(787,'Owen','Jeffery',2016,2,8),(788,'Jiajia','Waters',1984,3,4),(789,'Defen','Qiu',1961,3,4),(790,'Grace','Waters',2016,3,8),(791,'Tim','Waters',1984,2,5),(792,'Christy','Cartelli',0,3,0),(793,'Julia','Cartelli',0,3,0),(794,'Jennifer','McNeel',0,0,0),(795,'Kiley','McNeel',0,0,0),(796,'Tommy','Merl',1979,2,0),(797,'J','Merl',1979,3,0),(798,'Linda','Hsieh',0,0,0),(799,'Child 1','Hsieh',0,0,0),(800,'Child 2','Hsieh',0,0,0),(801,'Child 3','Hsieh',0,0,0),(802,'Adult 2','Hsieh',0,0,0),(803,'Christy','Patterson',0,3,0),(804,'Logan','Shimek',2000,0,0),(805,'Max','Sylvester',0,0,0),(806,'Charlotte ','Dowler',1987,3,5),(807,'Anneliese ','Pope',2014,3,5),(808,'Amado','Cardona',2015,2,3),(809,'Rose','Cardona',1979,3,3),(810,'Juli','Miller',1980,3,5),(811,'James','Miller',2013,2,5),(812,'Evan','Cluff',2011,0,5),(813,'Claire','Cluff',2013,0,5),(814,'Edmund','Cluff',2015,0,5),(815,'Gina','McConnell',1988,3,5),(816,'Nathan','McConnell',2016,2,5),(817,'Diana','Abdikasheva',1985,3,0),(818,'Leon','Perriot',2014,2,0),(819,'Parent','Delarosa',1980,3,0),(820,'Daniele','Delarosa',2014,2,0),(821,'','',0,0,0),(822,'Child','Sherwood',2011,0,0),(823,'Elise','Delgado',2014,3,0),(824,'Child1','Fellers',0,0,0),(825,'Child2','Fellers',0,0,0),(826,'Ava','Long',0,0,0),(827,'Child2','Medin',0,0,0),(828,'Diana','Lincoln',1980,3,0),(829,'Joymei','Lincoln',2013,3,0),(830,'Mark','Lincoln',1980,2,0),(831,'James','Delgado',1980,2,0),(832,'Parent','Tybo',0,0,0),(833,'Abby','Tybo',0,0,0),(834,'Child1','Lin',0,0,0),(835,'Child2','Lin',0,0,0),(836,'Adult','Higgs',0,0,0),(837,'Shayden','Higgs',0,0,0),(838,'Joryn ','Higgs',0,0,0),(839,'Parent','Alarid',0,0,0),(840,'Andrea','Alarid',0,0,0),(841,'Katelyn','Alarid',0,0,0),(842,'Amber','Wasson',0,0,0),(843,'Child','Wasson',0,0,0),(844,'Colleen','Swavely',0,0,0),(845,'Child','Swavely',0,0,0),(846,'Parent','Cali',0,0,0),(847,'Lorenzo','Cali',0,0,0),(848,'Adult','Merl',0,0,0),(849,'Adult','Patterson',0,3,0),(850,'Child ','Patterson',0,2,0),(851,'Roxanne','Yoakam',0,0,0),(852,'Adult','Yoakam',0,0,0),(853,'Baby','Yoakam',0,0,0),(854,'Romain','Perriot',0,2,0),(855,'Kira','Atkinson',2016,3,5),(856,'Ethan ','Loychik',0,2,5),(857,'Connie','Euler',0,3,5),(858,'Joyce','Ortega tapia',0,0,0),(859,'Romi','Farrell',1983,3,5),(860,'Marty','Farrell',1984,2,5),(861,'Martin','Farrell',2015,2,5),(862,'Leslie','Hall',1983,3,6),(863,'Karla','Sartor',1978,3,5),(864,'Oliver','Dixon',0,2,0),(865,'Kate','Hall',1990,3,8),(866,'Seong joo','Kim',1973,3,4),(867,'Johan','Vance',2016,2,9),(868,'Miranda','Parga',1988,3,5),(869,'Warren','Parga',2015,2,3),(870,'Elliott','Fox',2015,3,5),(871,'Megan','Fox',1983,3,5),(872,'Grant','Fox',1981,2,5),(873,'Tirtha','Joshi',1977,2,4),(874,'Hemu','Mishrajoshi',1982,3,4),(875,'Sarthak','Joshi',2012,2,4),(876,'Sambhavi','Joshi',2015,3,4),(877,'Jessica','Maupin',0,0,0),(878,'Ej','Maupin',0,0,0),(879,'Jenni ','Gaffney',1974,3,4),(880,'Guy','Gaffney',1970,2,5),(881,'Ella','Gaffney',2003,3,8),(882,'Ben','Underwoord',0,0,0),(883,'Kimberly','Underwood',0,0,0),(884,'Nancy','Coombs',0,3,5),(885,'Denise','Dalmas',0,3,0),(886,'Clint','Chevalier',0,2,0),(887,'Cindy','Murdock',0,3,0),(888,'Jane','Longmire',0,3,0),(889,'Lori','Paras',0,3,0),(890,'Debbie','Psori',0,3,0),(891,'Carla','Gomez',0,3,0),(892,'Laura','Tucker',0,3,0),(893,'Analyn','Schwaegel',0,3,0),(894,'Tauz','Tamupoui',0,0,0),(895,'Alexander','Marshall',2013,2,5),(896,'Simon','Marshall',2010,2,5),(897,'Simon ','Marshall',2010,2,5),(898,'Alexander','Marshall ',2013,2,5),(899,'Jaret','McDonald',0,2,0),(900,'Chris','Chandler',0,2,0),(901,'Steve','Girrens',0,2,0),(902,'Elizabeth','Lebron',0,3,0),(903,'Nikki','Minotti',0,3,0),(904,'Zhaonen','Tang',0,2,0),(905,'SatSangeet','Khalsa',0,3,5),(906,'Paige','Pierson',0,3,5),(907,'Desiree','White',0,3,0),(908,'Courtney','Perkins',0,3,0),(909,'Don','Carlson',0,2,0),(910,'Kathleen','Hovey',0,3,5),(911,'Doug','Lewis',0,2,5),(912,'Nadia','Salazar',0,3,0),(913,'Isaac','Salazar',0,2,0),(914,'Jackie','Stark',0,3,0),(915,'Samir','El-Darazi',0,2,0),(916,'Brando','Seekins',0,2,0),(917,'Julie','Risch',0,3,0),(918,'Molly','McBranch',0,3,0),(919,'Lynn','Strauss',0,3,0),(920,'Keeley','Power',0,3,0),(921,'Tricia','Zhang',0,3,0),(922,'Corbn','Budge',2015,3,5),(923,'Brianna','Day',0,3,5),(924,'Cathleen','Masse',0,3,0),(925,'Charlotte','Stephens',0,3,5),(926,'Jonathan','Clayton',0,2,5),(927,'Zoe','Robles',0,3,3),(928,'Isaac','Hovey',0,2,5),(929,'Erin','Lay',0,0,0),(930,'Walter','Guthormsen ',2014,2,0),(931,'Barbara','Kaldi',0,3,5);
/*!40000 ALTER TABLE `patron` ENABLE KEYS */;
UNLOCK TABLES;

--
-- Table structure for table `patronhash`
--

DROP TABLE IF EXISTS `patronhash`;
/*!40101 SET @saved_cs_client     = @@character_set_client */;
/*!40101 SET character_set_client = utf8 */;
CREATE TABLE `patronhash` (
  `householdid` int(11) NOT NULL,
  `patronid` int(11) NOT NULL,
  UNIQUE KEY `hash` (`householdid`,`patronid`)
) ENGINE=InnoDB DEFAULT CHARSET=utf8;
/*!40101 SET character_set_client = @saved_cs_client */;

--
-- Dumping data for table `patronhash`
--

LOCK TABLES `patronhash` WRITE;
/*!40000 ALTER TABLE `patronhash` DISABLE KEYS */;
INSERT INTO `patronhash` VALUES (11,30),(13,32),(14,33),(15,38),(15,122),(16,34),(16,35),(16,36),(16,37),(17,40),(17,41),(17,42),(17,43),(17,625),(20,44),(20,45),(20,46),(20,47),(21,48),(22,49),(23,562),(23,563),(24,564),(27,51),(27,52),(27,141),(27,142),(28,53),(30,54),(31,55),(31,56),(31,117),(31,118),(31,667),(31,857),(32,57),(33,58),(33,59),(33,60),(33,61),(34,62),(35,63),(35,64),(35,109),(35,110),(36,65),(36,631),(36,632),(36,633),(37,66),(38,67),(39,68),(39,662),(39,663),(39,664),(40,71),(40,551),(40,552),(40,553),(40,554),(40,555),(41,72),(43,73),(43,74),(43,75),(43,76),(43,561),(44,77),(44,78),(44,79),(45,81),(45,82),(45,83),(46,84),(46,85),(46,86),(47,87),(47,88),(47,89),(47,90),(47,289),(47,709),(47,710),(48,91),(48,92),(48,93),(48,94),(48,651),(49,95),(49,96),(49,97),(50,565),(51,98),(51,99),(51,100),(51,101),(52,102),(52,103),(52,104),(53,105),(53,106),(53,107),(53,108),(54,566),(56,111),(56,112),(57,567),(57,568),(58,113),(59,569),(60,114),(60,115),(60,116),(61,570),(61,571),(62,572),(62,573),(63,119),(63,120),(63,121),(64,574),(64,575),(65,123),(65,124),(65,125),(65,126),(66,127),(66,128),(66,129),(67,130),(67,131),(68,132),(68,133),(68,134),(69,135),(70,576),(70,577),(71,136),(71,137),(71,138),(71,139),(71,140),(72,143),(72,144),(73,578),(74,145),(74,146),(74,147),(74,148),(75,149),(75,150),(75,151),(75,158),(76,153),(76,154),(77,579),(77,580),(77,581),(77,582),(78,155),(78,156),(78,157),(79,588),(80,613),(80,614),(81,628),(81,629),(81,630),(82,159),(82,160),(82,161),(82,677),(83,162),(83,163),(83,164),(83,165),(84,604),(84,605),(84,606),(85,166),(85,167),(86,168),(86,169),(86,170),(87,171),(87,172),(87,173),(87,174),(87,602),(87,603),(88,599),(88,600),(88,601),(89,178),(89,179),(89,180),(89,181),(90,182),(90,183),(90,184),(90,185),(91,186),(91,187),(91,188),(93,189),(93,190),(93,191),(93,192),(93,193),(94,194),(94,195),(94,196),(94,197),(95,198),(95,199),(95,200),(96,201),(96,202),(96,203),(96,204),(97,205),(97,206),(98,207),(98,208),(98,209),(98,547),(99,597),(99,598),(100,211),(100,212),(100,213),(100,767),(100,864),(102,215),(102,216),(102,217),(102,218),(104,221),(104,222),(104,223),(104,224),(106,229),(106,230),(106,231),(107,293),(107,294),(107,295),(107,296),(107,297),(108,232),(109,233),(109,234),(109,235),(109,236),(110,237),(114,242),(114,528),(114,904),(118,247),(118,248),(118,249),(119,250),(119,251),(119,252),(119,253),(120,254),(120,855),(122,258),(122,259),(122,260),(124,266),(124,497),(124,499),(125,267),(126,268),(127,271),(127,272),(128,273),(128,706),(128,768),(128,804),(129,274),(130,275),(131,276),(131,500),(132,277),(133,278),(134,279),(135,280),(137,314),(137,315),(137,316),(137,472),(138,285),(138,286),(138,524),(138,526),(139,287),(140,288),(141,317),(142,302),(142,303),(142,304),(142,305),(142,306),(142,307),(142,308),(143,310),(143,311),(147,323),(147,324),(154,349),(154,350),(154,351),(157,358),(157,359),(161,378),(161,522),(161,856),(165,370),(165,371),(165,510),(167,372),(167,373),(167,374),(168,388),(168,389),(168,390),(168,391),(169,387),(169,467),(169,468),(169,469),(169,470),(170,376),(170,377),(171,385),(171,386),(173,392),(173,455),(174,393),(174,394),(174,395),(174,453),(176,399),(176,400),(178,402),(178,638),(178,639),(226,504),(226,505),(226,506),(228,507),(228,508),(228,509),(234,529),(234,530),(235,531),(235,532),(235,533),(236,534),(237,535),(237,678),(238,536),(238,537),(238,538),(238,539),(238,540),(239,541),(239,542),(239,543),(241,544),(241,545),(242,546),(244,548),(244,549),(244,550),(246,556),(246,557),(246,558),(246,559),(247,560),(249,586),(249,587),(250,501),(250,589),(250,590),(250,591),(250,592),(252,593),(252,594),(252,595),(252,596),(255,609),(255,611),(255,612),(256,615),(256,616),(256,617),(257,618),(257,619),(257,620),(258,621),(258,622),(258,623),(258,624),(260,626),(260,627),(260,734),(261,634),(261,635),(261,766),(262,636),(263,637),(264,640),(264,641),(265,642),(265,643),(265,644),(265,645),(266,646),(266,647),(266,648),(266,649),(266,650),(267,652),(267,653),(267,654),(267,655),(268,656),(268,657),(268,658),(268,659),(269,660),(269,661),(270,665),(270,666),(271,668),(271,669),(272,670),(272,671),(273,672),(273,673),(273,674),(274,675),(274,676),(275,679),(276,680),(277,681),(278,682),(279,683),(280,684),(281,685),(282,686),(283,687),(284,688),(284,689),(285,690),(285,693),(286,691),(286,692),(287,694),(288,695),(288,696),(288,697),(289,698),(290,699),(291,700),(292,701),(292,702),(292,703),(292,704),(293,705),(294,707),(295,708),(296,711),(296,712),(296,713),(296,714),(297,715),(297,716),(297,717),(298,718),(298,719),(298,720),(299,721),(299,722),(299,723),(300,724),(300,725),(300,750),(301,726),(301,727),(302,728),(302,729),(303,730),(303,731),(303,732),(304,733),(305,735),(305,736),(306,737),(306,738),(307,739),(307,740),(307,741),(308,742),(308,743),(308,744),(309,745),(309,746),(310,747),(310,748),(311,749),(312,751),(312,752),(312,753),(312,754),(313,755),(313,756),(313,757),(314,758),(314,759),(314,760),(314,761),(315,762),(315,763),(315,764),(316,769),(316,824),(316,825),(317,770),(317,823),(317,831),(318,771),(318,772),(319,773),(319,834),(319,835),(320,774),(320,826),(321,775),(321,822),(322,776),(322,777),(322,778),(323,779),(323,780),(323,827),(324,781),(324,782),(325,783),(325,784),(325,785),(326,786),(326,787),(327,788),(327,789),(327,790),(327,791),(328,792),(328,793),(329,794),(329,795),(330,796),(330,797),(330,848),(331,798),(331,799),(331,800),(331,801),(331,802),(332,803),(332,849),(332,850),(333,805),(334,806),(334,807),(335,808),(335,809),(336,810),(336,811),(337,812),(337,813),(337,814),(338,815),(338,816),(339,817),(339,818),(339,854),(340,819),(340,820),(340,821),(341,828),(341,829),(341,830),(342,832),(342,833),(343,836),(343,837),(343,838),(344,839),(344,840),(344,841),(345,842),(345,843),(346,844),(346,845),(347,846),(347,847),(348,851),(348,852),(348,853),(349,858),(350,859),(350,860),(350,861),(351,862),(352,863),(353,865),(354,866),(354,867),(355,868),(355,869),(356,870),(356,871),(356,872),(357,873),(357,874),(357,875),(357,876),(358,877),(358,878),(359,879),(359,880),(359,881),(360,882),(360,883),(361,884),(362,885),(363,886),(364,887),(365,888),(366,889),(367,890),(368,891),(369,892),(370,893),(371,894),(372,895),(372,897),(372,931),(373,899),(374,900),(375,901),(376,902),(377,903),(378,905),(379,906),(380,907),(381,908),(382,909),(383,910),(383,928),(384,911),(385,912),(385,913),(386,914),(387,915),(388,916),(389,917),(390,918),(391,919),(392,920),(393,921),(394,922),(395,923),(396,924),(397,925),(398,926),(398,927),(399,929),(399,930);
/*!40000 ALTER TABLE `patronhash` ENABLE KEYS */;
UNLOCK TABLES;

--
-- Table structure for table `patronimport`
--

DROP TABLE IF EXISTS `patronimport`;
/*!40101 SET @saved_cs_client     = @@character_set_client */;
/*!40101 SET character_set_client = utf8 */;
CREATE TABLE `patronimport` (
  `id` int(11) DEFAULT NULL,
  `householdid` int(11) DEFAULT NULL,
  `first` varchar(50) DEFAULT NULL,
  `last` varchar(50) DEFAULT NULL,
  `birthyear` varchar(50) DEFAULT NULL,
  `email` varchar(50) DEFAULT NULL,
  `ethnicity` varchar(100) DEFAULT NULL,
  `gender` varchar(4) DEFAULT NULL,
  `phone` varchar(20) DEFAULT NULL
) ENGINE=InnoDB DEFAULT CHARSET=utf8;
/*!40101 SET character_set_client = @saved_cs_client */;

--
-- Dumping data for table `patronimport`
--

LOCK TABLES `patronimport` WRITE;
/*!40000 ALTER TABLE `patronimport` DISABLE KEYS */;
INSERT INTO `patronimport` VALUES (30,11,'Diane','Young','1974','diyoung674@gmail.com','Hispanic','F',''),(32,13,'Binh ','Wakeford','1975','binhtma@yahoo.com','Asian or Pacific Islander','F',''),(33,14,'Megan','Lausen','1975','','Caucasian - Non Hispanic','F',''),(34,16,'Hanju','Tsai','1979','tsai.hanju@gmail.com','Asian or Pacific Islander','F',''),(35,16,'Sean','Lo','','','Asian or Pacific Islander','M',''),(36,16,'Lyla','Lo','','','Asian or Pacific Islander','F',''),(37,16,'Glyn','Lo','','','','M',''),(38,15,'Olga','Belooussova','1971','','Caucasian - Non Hispanic','F',''),(40,17,'Lisabeth','Lueninghoener ','1980','lisjump@gmail.com','Caucasian - Non Hispanic','F',''),(41,17,'Madeline','Lueninghoener ','2009','','Caucasian - Non Hispanic','F',''),(42,17,'Emily','Lueninghoener ','2011','','Caucasian - Non Hispanic','F',''),(43,17,'Timothy','Lueninghoener ','2015','','Caucasian - Non Hispanic','M',''),(44,20,'Ellen ','Smalley','1981','Ellen.smalley@hotmail.com','Caucasian - Non Hispanic','F',''),(45,20,'Duane','Smalley','1983','','Caucasian - Non Hispanic','M',''),(46,20,'Millicent','Smalley','2012','','Caucasian - Non Hispanic','F',''),(47,20,'Erik','Smalley','2015','','Caucasian - Non Hispanic','M',''),(48,21,'Beata','Tsosie','','','Native American Indian','F',''),(49,22,'Antonio','Maggiore','1977','','Caucasian - Non Hispanic','M',''),(51,27,'Lissie','Ham','1982','','Caucasian - Non Hispanic','F',''),(52,27,'Michael ','Ham','1981','','Caucasian - Non Hispanic','M','Yes'),(53,28,'Ashton ','Henderson ','1989','Ashton.henderson89@gmail.com','Caucasian - Non Hispanic','F',''),(54,30,'Annette','Preston','1983','annettepre83@gmail.com','Hispanic','F',''),(55,31,'Lisa','Euler','1977','leuler77@gmail.com','Caucasian - Non Hispanic','F',''),(56,31,'Garrett','Euler','1982','','Caucasian - Non Hispanic','M','Yes'),(57,32,'Erika','Stupka','1987','estupka@unm.edu','Caucasian - Non Hispanic','F',''),(58,33,'Rachel','Meyer','1990','rachelmeyer316@gmail.com','Caucasian - Non Hispanic','F',''),(59,33,'Chad','Meyer','1985','','Caucasian - Non Hispanic','M','Yes'),(60,33,'Henry','Meyer','2013','','Caucasian - Non Hispanic','M',''),(61,33,'Thomas','Meyer','2015','','Caucasian - Non Hispanic','M',''),(62,34,'Chiara','Paleari','','Chiara.paleari@gmail.com','Caucasian - Non Hispanic','F',''),(63,35,'Maria','Dinkel','1988','','Caucasian - Non Hispanic','F',''),(64,35,'Elijah','Dinkel','2012','','Caucasian - Non Hispanic','M',''),(65,36,'Nora','Arbuckle','1975','sibrisa@gmail.com','Asian or Pacific Islander','F',''),(66,37,'Stephanie','Remillieux','1987','','Caucasian - Non Hispanic','F',''),(67,38,'Kristen','Nichols ','1987','','Caucasian - Non Hispanic','F',''),(68,39,'Christin','Whitton','1986','Christin.s.whitton@gmail.com','Caucasian - Non Hispanic','F',''),(71,40,'Bonnie','Olsen','1987','','Caucasian - Non Hispanic','F',''),(72,41,'Missy','Fronk','1986','','Caucasian - Non Hispanic','F',''),(73,43,'Carie','Fanning','1968','carie.fanning@lafsn.org','Caucasian - Non Hispanic','F',''),(74,43,'Mike','Fanning','1963','','Caucasian - Non Hispanic','M','Yes'),(75,43,'Katherine','Fanning','2002','','Caucasian - Non Hispanic','F',''),(76,43,'Brianne','Fanning','','','Caucasian - Non Hispanic','F',''),(77,44,'Pamela','Poole','1962','','Caucasian - Non Hispanic','F',''),(78,44,'Carson','Poole','2007','','Caucasian - Non Hispanic','M',''),(79,44,'Bob','Poole','1959','','Caucasian - Non Hispanic','M',''),(81,45,'Cami','Charonko','','','Caucasian - Non Hispanic','F',''),(82,45,'Kristen','Charonko','','','Caucasian - Non Hispanic','F',''),(83,45,'John','Charonko','','','Caucasian - Non Hispanic','M',''),(84,46,'Hannah','Hughes','1987','','Caucasian - Non Hispanic','F',''),(85,46,'Laci','Hughes','2015','','','F',''),(86,46,'Samuel','Hughes','2013','','','M',''),(87,47,'Kathy','Brooks','1964','','Caucasian - Non Hispanic','F',''),(88,47,'Rylee','Brooks','2014','','Caucasian - Non Hispanic','F',''),(89,47,'Sam','Reeves','2015','','Caucasian - Non Hispanic','M',''),(90,47,'Nico','Reeves','2015','','Caucasian - Non Hispanic','M',''),(91,48,'Christine ','Hunter ','','','Caucasian - Non Hispanic','F',''),(92,48,'Kennedy','Hunter','','','Caucasian - Non Hispanic','F',''),(93,48,'Wendy','Nelson','','','Caucasian - Non Hispanic','F',''),(94,48,'Kristin','Mortensen','','','Caucasian - Non Hispanic','F',''),(95,49,'Rachel','Bragg','1985','','Caucasian - Non Hispanic','F',''),(96,49,'Chloe','Bragg','2013','','Caucasian - Non Hispanic','F',''),(97,49,'Sarah','Bragg','2016','','Caucasian - Non Hispanic','F',''),(98,51,'Rita ','Brake','1984','','','F',''),(99,51,'Mike','Brake','1980','','','M',''),(100,51,'Jeremiah','Brake','2012','','','M',''),(101,51,'Charlie','Brake','2015','','','',''),(102,52,'Sarah','Tondreau','1983','','Caucasian - Non Hispanic','F',''),(103,52,'Benjamin','Tondreau','2013','','Caucasian - Non Hispanic','M',''),(104,52,'Nathaniel','Tondreau','2016','','Caucasian - Non Hispanic','M',''),(105,53,'Lauren ','Coupland','1984','Lauren.coupland@gmail.com','Caucasian - Non Hispanic','F',''),(106,53,'Daniel','Coupland','1984','Dan.coupland@gmail.com','Caucasian - Non Hispanic','M','Yes'),(107,53,'Owen','Coupland','2011','','Caucasian - Non Hispanic','M',''),(108,53,'Samuel ','coupland','2015','','Caucasian - Non Hispanic','M',''),(109,35,'Felicity ','Dinkel ','2014','','Caucasian - Non Hispanic','F',''),(110,35,'Dominic','Dinkel','1988','','Caucasian - Non Hispanic','M',''),(111,56,'Susanna ','Roberts','1987','','Caucasian - Non Hispanic','F',''),(112,56,'Aurora ','Roberts-Voss','2014','','Caucasian - Non Hispanic','F',''),(113,58,'Melissa','Brown','1970','','Caucasian - Non Hispanic','F',''),(114,60,'Alicia ','Klotz','1986','aaklotz@gmail.com','Caucasian - Non Hispanic','F',''),(115,60,'Frances','Weaver','2014','','Caucasian - Non Hispanic','F',''),(116,60,'Arthur','Weaver','2016','','Caucasian - Non Hispanic','M',''),(117,31,'Alex','Euler','2013','','Caucasian - Non Hispanic','M',''),(118,31,'Broderick','Euler','2014','','Caucasian - Non Hispanic','M',''),(119,63,'Ginny','Boawn','1950','','Caucasian - Non Hispanic','F',''),(120,63,'Anneliese','Weber','2015','','Caucasian - Non Hispanic','F',''),(121,63,'Emma','Weber','1980','','Caucasian - Non Hispanic','F',''),(122,15,'Daniel','Belooussova','2011','','Caucasian - Non Hispanic','M',''),(123,65,'Mercedes','Zopfi','1988','','Caucasian - Non Hispanic','F',''),(124,65,'Autumn','Zopfi','','','Caucasian - Non Hispanic','F',''),(125,65,'Archer','Zopfi','','','Caucasian - Non Hispanic','M',''),(126,65,'Kristine','Sandford','1968','','Caucasian - Non Hispanic','F',''),(127,66,'Katherine','Christoffersen','1982','odonnka1@gmail.com','Caucasian - Non Hispanic','F',''),(128,66,'Belle','Christoffersen','2012','','Caucasian - Non Hispanic','F',''),(129,66,'Bradley','Christoffersen','1981','','Caucasian - Non Hispanic','M','Yes'),(130,67,'Alex','L\'Esperance','1995','alesperance13@gmail.com','Caucasian - Non Hispanic','F',''),(131,67,'Antoinette','L\'Esperance','2014','','Caucasian - Non Hispanic','F',''),(132,68,'Christy','Brenner','1990','christinam9021@gmail.com','Caucasian - Non Hispanic','F',''),(133,68,'Charlotte','Brenner','2013','','Caucasian - Non Hispanic','F',''),(134,68,'Marie','Brenner','2015','','Caucasian - Non Hispanic','F',''),(135,69,'Isaac','Chu','2015','','Asian or Pacific Islander','M','Yes'),(136,71,'Kylie','Stewart','1987','','Caucasian - Non Hispanic','F',''),(137,71,'Trevor','Stewart','1986','','Caucasian - Non Hispanic','M',''),(138,71,'Xandri','Stewart','2011','','Caucasian - Non Hispanic','F',''),(139,71,'Sophie','Stewart','2012','','Caucasian - Non Hispanic','F',''),(140,71,'Tori','Stewart','2014','','Caucasian - Non Hispanic','F',''),(141,27,'Finley','Ham','2012','','Caucasian - Non Hispanic','M',''),(142,27,'Trevor','Ham','2016','','Caucasian - Non Hispanic','M',''),(143,72,'Olivia ','Dong','1984','Olivia.fobes@gmail.com','Asian or Pacific Islander','F',''),(144,72,'Evelyn','Fobes','2013','','Other','F',''),(145,74,'Christina','McCormick','1986','','Caucasian - Non Hispanic','F',''),(146,74,'Kira-Noelle','Lopez','2013','','Hispanic','F',''),(147,74,'Michaela','Lopez','2016','','Hispanic','F',''),(148,74,'Robert','Lopez','1980','','Hispanic','M',''),(149,75,'Cameo','Zhang','','','Asian or Pacific Islander','F',''),(150,75,'Evan','Fu','2014','','Asian or Pacific Islander','M',''),(151,75,'Abby','Fu','2012','','Asian or Pacific Islander','F',''),(153,76,'Brittney','Vollans','1986','','Caucasian - Non Hispanic','F',''),(154,76,'Dan','Vollans','1987','','Caucasian - Non Hispanic','M','Yes'),(155,78,'Elisabeth','Harrison','','esvedin86@gmail.com','Caucasian - Non Hispanic','F','Yes'),(156,78,'Kisty','Harrison','','','Caucasian - Non Hispanic','F',''),(157,78,'Patrick','Harrison','','','Caucasian - Non Hispanic','M',''),(158,75,'Grace','Waters','2016','','Asian or Pacific Islander','F',''),(159,82,'Sophie','Lacoste','1986','','Caucasian - Non Hispanic','F',''),(160,82,'Jean','Blancon','1986','','Caucasian - Non Hispanic','M',''),(161,82,'James','Blancon-Lacoste','2015','','Caucasian - Non Hispanic','M',''),(162,83,'Monica ','Romo','1990','monicalovato22@gmail.com','Hispanic','F',''),(163,83,'Fernando','Romo','1989','','Hispanic','M',''),(164,83,'Isaac ','Romo','2013','','Hispanic','M',''),(165,83,'Elena','Romo','2014','','Hispanic','F',''),(166,85,'Ting','Min','1986','tingmin.xjtu@gmail.com','Asian or Pacific Islander','F',''),(167,85,'Emily','Chen','2014','','Asian or Pacific Islander','F',''),(168,86,'Yang','Jacobsen','','','','F',''),(169,86,'Matt','Jacobsen','','','','M','Yes'),(170,86,'Haley','Jacobsen','','','','F',''),(171,87,'Christie','Haynes ','1981','tiggponch@yahoo.com','Caucasian - Non Hispanic','F',''),(172,87,'Met','Haynes','1977','haynescustomiron@gmail.com','Hispanic','M',''),(173,87,'Malaya','Haynes','2007','','Hispanic','F',''),(174,87,'Cielo','Haynes','2012','','Hispanic','F',''),(178,89,'Judith','Ramirez','1983','morriganjr@hotmail.com','Hispanic','F',''),(179,89,'Elias','Chiquete','2010','','Hispanic','M',''),(180,89,'Theo','Chiquete','2012','','Hispanic','M',''),(181,89,'Carlos','Chiquete','1982','chiquete.carlos@gmail.com','Hispanic','M',''),(182,90,'Tuba','Owens','1976','yenituba@yahoo.com','Caucasian - Non Hispanic','',''),(183,90,'Jacob','Owens','2011','','Other','M',''),(184,90,'Jeremy','Owens','2014','','Other','M',''),(185,90,'Israel','Owens','1974','iowens@q.com','Other','M',''),(186,91,'Melissa ','Schaum Nguyen','','','','F',''),(187,91,'Lily','Nguyen','','','','F',''),(188,91,'','','','','','',''),(189,93,'Carolyn','Tuzel','1980','','Caucasian - Non Hispanic','F',''),(190,93,'Szymon','Tuzel','1983','','Caucasian - Non Hispanic','M','Yes'),(191,93,'Adrianna','Tuzel','2010','','Caucasian - Non Hispanic','F',''),(192,93,'Natalia','Tuzel','2012','','Caucasian - Non Hispanic','F',''),(193,93,'Eliza','Tuzel','2015','','Caucasian - Non Hispanic','F',''),(194,94,'Lindsay ','Arellano ','1988','lindarella88@gmail.com','Caucasian - Non Hispanic','F',''),(195,94,'Ira','Arellano','2009','','Hispanic','',''),(196,94,'Jonathan','Arellano','2011','','Hispanic','M',''),(197,94,'Acacia','Arellano','2015','','Hispanic','F',''),(198,95,'Emilia','Solomon','1979','Emilia.solomon@gmail.com','Caucasian - Non Hispanic','F',''),(199,95,'Solomon','Solomon','2012','','Caucasian - Non Hispanic','F',''),(200,95,'Samantha','Solomon','2014','','Caucasian - Non Hispanic','F',''),(201,96,'Burgandy','Brock','1991','','Hispanic','F',''),(202,96,'Sonny','Liberty','2012','','Caucasian - Non Hispanic','M',''),(203,96,'Ava','Garsik','2015','','Caucasian - Non Hispanic','F',''),(204,96,'Drew','Garsik','1988','','Caucasian - Non Hispanic','M',''),(205,97,'Amber','Lovato','1993','amberl_22@yahoo.com','Hispanic','F',''),(206,97,'Josiah','Martinez','2011','','Hispanic','M',''),(207,98,'Graham','King','1981','','Caucasian - Non Hispanic','M',''),(208,98,'Kararthine','Garduno-King','1973','','Caucasian - Non Hispanic','F',''),(209,98,'Elliot','King','2014','','Caucasian - Non Hispanic','M',''),(402,178,'Catherine','Cai','','','Asian or Pacific Islander','F',''),(388,168,'Kristy','Nadler','1982','','Caucasian - Non Hispanic','F',''),(390,168,'Keri','Nadler','2009','','Caucasian - Non Hispanic','F',''),(391,168,'Brooke','Nadler','2011','','Caucasian - Non Hispanic','F',''),(268,126,'Amy','Canzona','','','','F',''),(276,131,'Tara','Adams','','','','F',''),(500,131,'Mikahl','Adams','','','','M',''),(271,127,'April','Wheeler','','','','F',''),(272,127,'Melissa','Goldman','','','','F',''),(280,135,'Erin','Tatge','','','','F',''),(274,129,'Andrea','Meyer','','','','F',''),(275,130,'Kimberly','Peterson','','','','F',''),(277,132,'Ali','Semanision','','','','F',''),(278,133,'Melissa','Hornung','','','','F',''),(273,128,'Carrie','Shimek','','','','F',''),(279,134,'Barbara','Mayson','','','','F',''),(289,47,'Alyssa','Reeves','','','','F',''),(215,102,'Karen','Brown','','','','F',''),(218,102,'Olivia','Brown','','','','F',''),(216,102,'Isaac','Brown','','','','M',''),(225,105,'Terra','Hite','','','','F',''),(226,105,'Dave','Hite','','','','M',''),(227,105,'Jane','Hite','','','','F',''),(228,105,'William','Hite','','','','M',''),(287,139,'Cathleen','Hewlett','','','','F',''),(254,120,'Melinda','Atkinson','','','','F',''),(501,250,'Lauren','Moro','','','Caucasian - Non Hispanic','F',''),(217,102,'Eric','Brown','','','','M',''),(229,106,'Michele','Holtkamp','','','','F',''),(230,106,'Ruby','Holtkamp','','','','F',''),(231,106,'Sebastion','Holtkamp','','','','M',''),(372,167,'Caitlyn','Bain','','','','F',''),(373,167,'Addison','Bain','','','','F',''),(374,167,'McKenna','Bain','','','','F',''),(378,161,'Aedin','Loychik','','','Caucasian - Non Hispanic','F','Yes'),(293,107,'Claire','Sanders','','','','F',''),(294,107,'Robert','Sanders','','','','M',''),(295,107,'David','Sanders','','','','M',''),(296,107,'Sarah','Sanders','','','','F',''),(297,107,'Emily','Sanders','','','','F',''),(232,108,'Jenn','Best','','','','F',''),(211,100,'Jessie','Dixon','','','','F',''),(212,100,'Maren','Dixon','','','','F',''),(213,100,'Charlie','Dixon','','','','F',''),(389,168,'Brett','Nadler','1978','','Caucasian - Non Hispanic','M','Yes'),(393,174,'Erin','Lay','','','','',''),(394,174,'Amy','Guthormsen','','','','',''),(395,174,'Charlotte','Lay','','','','',''),(453,174,'Walter','Lay','','','','',''),(392,173,'Jeanette','Chavez','','','','',''),(455,173,'Cesar','Chavez','','','','',''),(221,104,'Kelly','Dolejsi','','','','F',''),(224,104,'Michael','Dolejsi','','','','M',''),(222,104,'Amelia','Dolejsi','','','','F',''),(223,104,'Jocelyn','Dolejsi','','','','F',''),(250,119,'Erin','Green','','','','F',''),(252,119,'Charlotte','Green','','','','F',''),(253,119,'Emily','Green','','','','F',''),(251,119,'Jake','Green','','','','M',''),(385,171,'Ketevan','Ussery','','','','F',''),(386,171,'John','Ussery','','','','M',''),(387,169,'Kristi','Mackey','','','','F',''),(467,169,'Theophane','Mackey','','','','M',''),(468,169,'Maya','Mackey','','','','F',''),(469,169,'Kira','Mackey','','','','F',''),(470,169,'Ali','Mackey','','','','F',''),(314,137,'Mary','Younk','','','','F',''),(472,137,'Patrick','Younk','','','','M',''),(315,137,'Daniel','Younk','','','','M',''),(316,137,'Thomas','Younk','','','','M',''),(317,141,'Sarah','Nichols','','','','F',''),(233,109,'Alejandra','Wernicke','','','','F',''),(236,109,'Luna','Wernicke','','','','',''),(235,109,'Trey','Wernicke','','','','M',''),(234,109,'James','Wernicke','','','','M',''),(358,157,'Hayley','Patten','','','','F',''),(359,157,'William','Patten','','','','M',''),(370,165,'Chelsea','Morales','','','Caucasian - Non Hispanic','F',''),(371,165,'River','Morales','','','Caucasian - Non Hispanic','',''),(376,170,'Lindsay','Huckett','','','','F',''),(377,170,'Child','Huckett','','','','',''),(399,176,'Hannah','Schmitt','','','','F',''),(400,176,'Child','Schmitt','','','','',''),(237,110,'Marcella','Brashear','','','Caucasian - Non Hispanic','F',''),(288,140,'Mandy','Marksteiner','','','','',''),(247,118,'JoLynn','Baily','','','Caucasian - Non Hispanic','F',''),(248,118,'Madalyn','Baily','2008','','Caucasian - Non Hispanic','F',''),(249,118,'Samantha','Baily','2011','','Caucasian - Non Hispanic','F',''),(258,122,'Katie','Gattiker','','','','F',''),(259,122,'Kieran','Gattiker','2008','','','M',''),(260,122,'Cara','Gattiker','2009','','','F',''),(497,124,'LeAnn','Arnold','','','','F',''),(266,124,'Ewan','Archibald','','','','M',''),(499,124,'Phoebe','Archibald','','','','F',''),(267,125,'Ewan\'s ','Babysitter','','','','M',''),(349,154,'Alexis','Croce','1987','apcroce@gmail.com','Caucasian - Non Hispanic','F',''),(350,154,'Cora','Croce','2012','','Caucasian - Non Hispanic','F',''),(351,154,'Eva','Croce','2016','','Caucasian - Non Hispanic','F',''),(504,226,'Amanda','White','1976','','Caucasian - Non Hispanic','F','Yes'),(505,226,'Lincoln','Knief','2016','','Caucasian - Non Hispanic','M',''),(506,226,'Eliza','Knief','2013','','Caucasian - Non Hispanic','F',''),(507,228,'Pam','Bello','','','','F',''),(508,228,'Madison ','Morgan','2013','','','F',''),(509,228,'Mason','Geans','2008','','','M',''),(510,165,'Malachi','Morales','','','Caucasian - Non Hispanic','',''),(302,142,'Mother','Person','','','','',''),(303,142,'Father','Person','','','','',''),(304,142,'Child1','Person','','','','',''),(305,142,'Child2','Person','','','','',''),(306,142,'Child3','Person','','','','',''),(307,142,'Child4','Person','','','','',''),(308,142,'Child5','Person','','','','',''),(310,143,'Adult','Adult','','','','',''),(311,143,'Adult','Adult','','','','',''),(522,161,'Nicholas','Loychik','','','Caucasian - Non Hispanic','M',''),(285,138,'Kate','Cleveland','','','Caucasian - Non Hispanic','F',''),(524,138,'Matt','Cleveland','','','Caucasian - Non Hispanic','M','Yes'),(286,138,'Alana','Cleveland','','','Caucasian - Non Hispanic','F',''),(526,138,'Ellie','Cleveland','','','Caucasian - Non Hispanic','F',''),(242,114,'Elise','Tang','','','','F','Yes'),(528,114,'Faye','Tang','','','','F',''),(529,234,'Norma','Navarro','','','Hispanic','F',''),(530,234,'Sophia','Sonara','2015','','Hispanic','F',''),(531,235,'Gauri','Prasad','','','Asian or Pacific Islander','','Yes'),(532,235,'Child2','Prasad','2002','','Asian or Pacific Islander','',''),(533,235,'Child1','Prasad','1999','','Asian or Pacific Islander','',''),(534,236,'Joanne','Lestone','','','','F',''),(535,237,'Jodi','Jurney','1970','jodi@jurneynet.com','Caucasian - Non Hispanic','F',''),(536,238,'Carissa','Waida','1979','','Caucasian - Non Hispanic','F',''),(537,238,'Michael','Pratt','1977','','Caucasian - Non Hispanic','M','Yes'),(538,238,'Jonah','Pratt','2007','','Caucasian - Non Hispanic','M',''),(539,238,'Nate','Pratt','2008','','Caucasian - Non Hispanic','M',''),(540,238,'Simon','Pratt','2009','','Caucasian - Non Hispanic','M',''),(541,239,'Allison','Collins','1971','','Caucasian - Non Hispanic','F',''),(542,239,'Maya','Collins','2004','','Caucasian - Non Hispanic','F',''),(543,239,'Gavin','Collins','2008','','Caucasian - Non Hispanic','M',''),(544,241,'Bekah','Seitz ','1983','','Caucasian - Non Hispanic','F',''),(545,241,'Jaxson','Seitz','2014','','Caucasian - Non Hispanic','M',''),(546,242,'Prisca','Yoder','','priscamtiasse@gmail.com','','F',''),(547,98,'Margret','King','2016','','Caucasian - Non Hispanic','F',''),(548,244,'Brooke','Neese','','','','F',''),(549,244,'Evey','Neese','','','','F',''),(550,244,'Elliot','Neese','','','','M',''),(551,40,'Brian','Olsen','1983','','Caucasian - Non Hispanic','M',''),(552,40,'Avery','Olsen','2009','','Caucasian - Non Hispanic','F',''),(553,40,'Aspen','Olsen','2011','','Caucasian - Non Hispanic','F',''),(554,40,'Tristan','Olsen','2013','','Caucasian - Non Hispanic','M',''),(555,40,'Truitt','Olsen','2016','','Caucasian - Non Hispanic','M',''),(556,246,'Teresa','Buck','1977','teresakbuck@yahoo.com','','F',''),(557,246,'Sydney','Buck','','','','F',''),(558,246,'Elizabeth','Buck','','','','F',''),(559,246,'Hailey','Buck','','','','F',''),(560,247,'Celia','Browne','1959','lady_celia@yahoo.com','Caucasian - Non Hispanic','F',''),(561,43,'Stephanie','Fanning','','','Caucasian - Non Hispanic','F',''),(562,23,'Noma','Navam','','','','F',''),(563,23,'Sophia','Navan','','','','F',''),(564,24,'Michelle','Jensen','','','Caucasian - Non Hispanic','F',''),(565,50,'Brittany','Carpenter','','','','F',''),(566,54,'Heather','Carson','','','','F',''),(567,57,'Dan','Rushton','','','Caucasian - Non Hispanic','M',''),(568,57,'Amber','Rushton','','','Caucasian - Non Hispanic','F',''),(569,59,'Raul','Granillo','','','Hispanic','M',''),(570,61,'Laurie','Dudley','','','Caucasian - Non Hispanic','F',''),(571,61,'Jerry','Dudley','','','Caucasian - Non Hispanic','M',''),(572,62,'Curl','Ames','','','','M',''),(573,62,'Anita','Ames','','','','F',''),(574,64,'Ben','Underwood','','','','M',''),(575,64,'Kimberly','Underwood','','','','',''),(576,70,'Zaem','Hamood','','','','M',''),(577,70,'Mary','Nunz','','','','',''),(578,73,'Erin','Smith','','','Caucasian - Non Hispanic','F',''),(579,77,'Amanda ','Frohling','1987','Amanda.frohling@gmail.com','Caucasian - Non Hispanic','F',''),(580,77,'Zach','Frohling','1986','','Caucasian - Non Hispanic','M',''),(581,77,'Chase','Frohling','2014','','','M',''),(582,77,'Emery','Frohling','2016','','','F',''),(323,147,'Chen','Zhang','','','Asian or Pacific Islander','F',''),(324,147,'Sophie ','Leroux','','','Other','F',''),(586,249,'Christina','Montoya','1985','','Other','F',''),(587,249,'Frankie','Montoya','','','','',''),(588,79,'Sandra','Nortier','','','','F',''),(589,250,'Erik','Moro','','','','M','Yes'),(590,250,'Charlotte','Moro','2012','','','F',''),(591,250,'Hannah','Moro','2014','','','F',''),(592,250,'Eliana','Moro','2014','','','F',''),(593,252,'Jordan','Redmond','1983','jredboa@aol.com','Caucasian - Non Hispanic','M',''),(594,252,'Blair','Redmond','1992','blairzybear7492@gmail.com','Hispanic','F',''),(595,252,'Severus','Redmond','2014','','Hispanic','M',''),(596,252,'Edelweiss','Redmond','2016','','Hispanic','F',''),(597,99,'Kristin ','Barnes ','','','','F',''),(598,99,'Mathilda ','long ','2016','','','F',''),(599,88,'Amber','Spence','','amberp4@hotmail.com','','',''),(600,88,'Ada','Spence','','','','',''),(601,88,'Penn','Spence','','','','',''),(602,87,'Aimee','Morrison','','','Caucasian - Non Hispanic','F',''),(603,87,'Dalton','Zurbrugg','2015','','Caucasian - Non Hispanic','M',''),(604,84,'Genevieve ','adell','1972','','Caucasian - Non Hispanic','F',''),(605,84,'gannon','ring','2013','','Caucasian - Non Hispanic','M',''),(606,84,'','','','','','',''),(609,255,'Grace','Casados','','','Hispanic','',''),(611,255,'Lennon','Descham','2011','','Hispanic','M',''),(612,255,'Hendrix','Descham','2014','','Hispanic','M',''),(613,80,'Denise','Matthews','','denisek1182@gmail.com','','F',''),(614,80,'Child','Matthews','','','','F',''),(615,256,'Grace Anna','Farrow','','','Other','F',''),(616,256,'Edith','Farrow','','','Other','F',''),(617,256,'Dorothy','Farrow','','','','F',''),(618,257,'tiffany','pierce','','','','',''),(619,257,'ethan','','','','','',''),(620,257,'sean','','','','','',''),(621,258,'jessica','stein','1979','','Caucasian - Non Hispanic','F',''),(622,258,'max','garcia','2006','','Hispanic','M',''),(623,258,'dez','garcia','2008','','Hispanic','M',''),(624,258,'ariadne','garcia','2016','','Hispanic','F','');
/*!40000 ALTER TABLE `patronimport` ENABLE KEYS */;
UNLOCK TABLES;

--
-- Table structure for table `visitdate`
--

DROP TABLE IF EXISTS `visitdate`;
/*!40101 SET @saved_cs_client     = @@character_set_client */;
/*!40101 SET character_set_client = utf8 */;
CREATE TABLE `visitdate` (
  `id` int(11) NOT NULL AUTO_INCREMENT,
  `date` date DEFAULT NULL,
  `householdid` int(11) DEFAULT NULL,
  PRIMARY KEY (`id`)
) ENGINE=InnoDB AUTO_INCREMENT=659 DEFAULT CHARSET=utf8;
/*!40101 SET character_set_client = @saved_cs_client */;

--
-- Dumping data for table `visitdate`
--

LOCK TABLES `visitdate` WRITE;
/*!40000 ALTER TABLE `visitdate` DISABLE KEYS */;
INSERT INTO `visitdate` VALUES (1,'2016-10-18',17),(2,'2016-10-18',260),(3,'2016-10-18',81),(4,'2016-10-18',36),(5,'2016-10-18',93),(6,'2016-10-18',27),(7,'2016-10-18',102),(8,'2016-10-18',161),(9,'2016-10-18',53),(10,'2016-10-18',261),(11,'2016-10-18',98),(12,'2016-10-18',161),(13,'2016-10-18',57),(14,'2016-10-19',114),(15,'2016-10-19',27),(16,'2016-10-19',86),(17,'2016-10-19',147),(18,'2016-10-19',104),(19,'2016-10-19',17),(20,'2016-10-19',48),(21,'2016-10-20',17),(22,'2016-10-20',83),(23,'2016-10-20',72),(24,'2016-10-20',262),(25,'2016-10-20',263),(26,'2016-10-20',104),(27,'2016-10-20',165),(28,'2016-10-20',96),(29,'2016-10-19',96),(30,'2016-10-21',78),(31,'2016-10-21',165),(32,'2016-10-21',17),(33,'2016-10-21',178),(34,'2016-10-21',99),(35,'2016-10-21',68),(36,'2016-10-21',168),(37,'2016-10-21',154),(38,'2016-10-21',20),(39,'2016-10-21',238),(40,'2016-10-21',249),(41,'2016-10-22',264),(42,'2016-10-26',72),(43,'2016-10-26',27),(44,'2016-10-26',53),(45,'2016-10-26',46),(46,'2016-10-26',71),(47,'2016-10-26',98),(48,'2016-10-26',89),(49,'2016-10-26',16),(50,'2016-10-26',265),(51,'2016-10-26',167),(52,'2016-10-26',266),(53,'2016-10-26',48),(54,'2016-10-26',267),(55,'2016-10-26',268),(56,'2016-10-26',269),(57,'2016-10-26',15),(58,'2016-10-26',39),(59,'2016-10-26',20),(60,'2016-10-26',99),(61,'2016-10-26',157),(62,'2016-10-27',83),(63,'2016-10-27',270),(64,'2016-10-27',96),(65,'2016-10-27',17),(66,'2016-10-27',52),(67,'2016-10-27',109),(68,'2016-10-28',96),(69,'2016-10-28',147),(70,'2016-10-28',31),(71,'2016-10-28',76),(72,'2016-10-28',63),(73,'2016-10-28',72),(74,'2016-10-28',71),(75,'2016-10-28',90),(76,'2016-10-28',269),(77,'2016-10-28',27),(78,'2016-10-28',74),(79,'2016-10-28',44),(80,'2016-10-28',83),(81,'2016-10-28',90),(82,'2016-10-28',271),(83,'2016-10-28',266),(84,'2016-11-01',93),(85,'2016-11-01',90),(86,'2016-11-01',36),(87,'2016-11-01',53),(88,'2016-11-01',27),(89,'2016-11-01',17),(90,'2016-11-02',147),(91,'2016-11-02',41),(92,'2016-11-02',63),(93,'2016-11-02',47),(94,'2016-11-02',90),(95,'2016-11-02',272),(96,'2016-11-02',96),(97,'2016-11-02',273),(98,'2016-11-02',274),(99,'2016-11-02',35),(100,'2016-11-02',27),(101,'2016-11-02',82),(102,'2016-11-02',57),(103,'2016-11-02',99),(104,'2016-11-02',75),(105,'2016-11-02',87),(106,'2016-11-02',48),(107,'2016-11-02',78),(108,'2016-11-02',244),(109,'2016-11-02',165),(110,'2016-11-03',17),(111,'2016-11-03',52),(112,'2016-11-03',27),(113,'2016-11-03',237),(114,'2016-11-03',237),(115,'2016-11-03',154),(116,'2016-11-03',275),(117,'2016-11-04',17),(118,'2016-10-22',276),(119,'2016-10-22',277),(120,'2016-10-22',278),(121,'2016-10-22',279),(122,'2016-10-22',280),(123,'2016-10-22',281),(124,'2016-10-22',282),(125,'2016-10-22',283),(126,'2016-10-22',284),(127,'2016-10-22',285),(128,'2016-10-22',286),(129,'2016-10-22',287),(130,'2016-11-04',288),(131,'2016-11-04',96),(132,'2016-10-29',289),(133,'2016-10-29',290),(134,'2016-10-29',291),(135,'2016-11-04',168),(136,'2016-10-17',127),(137,'2016-10-17',90),(138,'2016-10-17',128),(139,'2016-10-17',294),(140,'2016-10-17',295),(141,'2016-10-15',47),(142,'2016-11-05',31),(143,'2016-11-05',98),(144,'2016-11-05',71),(145,'2016-11-05',296),(146,'2016-11-05',297),(147,'2016-11-05',298),(148,'2016-11-05',299),(149,'2016-11-05',52),(150,'2016-11-07',102),(151,'2016-11-07',161),(152,'2016-11-07',108),(153,'2016-11-07',53),(154,'2016-11-07',27),(155,'2016-11-07',300),(156,'2016-11-07',100),(159,'2016-11-08',93),(160,'2016-11-08',17),(161,'2016-11-08',20),(162,'2016-11-08',90),(163,'2016-11-08',72),(164,'2016-11-08',78),(165,'2016-11-08',81),(166,'2016-11-08',161),(167,'2016-11-08',274),(168,'2016-11-08',53),(169,'2016-11-08',89),(170,'2016-11-08',267),(171,'2016-11-08',301),(172,'2016-11-08',47),(173,'2016-11-08',100),(174,'2016-11-08',36),(175,'2016-11-08',302),(176,'2016-11-08',27),(177,'2016-11-08',82),(178,'2016-11-08',99),(179,'2016-11-08',48),(180,'2016-11-08',96),(181,'2016-11-08',106),(182,'2016-11-09',303),(183,'2016-11-09',244),(184,'2016-11-09',107),(185,'2016-11-09',57),(186,'2016-11-09',157),(187,'2016-11-09',48),(188,'2016-11-10',60),(189,'2016-11-10',165),(190,'2016-11-15',90),(191,'2016-11-15',260),(192,'2016-11-15',17),(193,'2016-11-15',27),(194,'2016-11-15',53),(195,'2016-11-15',15),(196,'2016-11-15',161),(197,'2016-11-15',265),(198,'2016-11-15',305),(199,'2016-11-16',27),(200,'2016-11-16',17),(201,'2016-11-16',46),(202,'2016-11-16',99),(203,'2016-11-16',114),(204,'2016-11-16',165),(205,'2016-11-17',96),(206,'2016-11-17',17),(207,'2016-11-17',72),(208,'2016-11-17',27),(209,'2016-11-17',262),(210,'2016-11-17',98),(211,'2016-11-17',108),(212,'2016-11-17',306),(213,'2016-08-01',27),(214,'2016-08-01',100),(215,'2016-08-01',102),(216,'2016-08-01',33),(217,'2016-08-01',108),(218,'2016-08-01',135),(219,'2016-08-01',47),(220,'2016-08-01',120),(221,'2016-11-17',147),(222,'2016-08-01',107),(223,'2016-08-01',139),(224,'2016-08-01',250),(225,'2016-11-18',17),(226,'2016-11-18',47),(227,'2016-11-18',47),(228,'2016-11-18',288),(229,'2016-11-18',27),(230,'2016-11-18',96),(231,'2016-11-19',104),(232,'2016-11-19',96),(233,'2016-11-19',66),(234,'2016-11-29',27),(235,'2016-11-29',17),(236,'2016-11-29',104),(237,'2016-11-29',46),(238,'2016-11-29',102),(239,'2016-11-29',53),(240,'2016-11-29',307),(241,'2016-11-29',265),(242,'2016-11-29',157),(243,'2016-11-30',17),(244,'2016-11-30',93),(245,'2016-11-30',308),(246,'2016-11-30',31),(247,'2016-11-30',99),(248,'2016-11-30',98),(249,'2016-11-30',90),(250,'2016-11-30',86),(251,'2016-12-01',17),(252,'2016-12-07',0),(253,'2016-12-01',98),(254,'2016-12-01',309),(255,'2016-12-01',60),(256,'2016-12-01',60),(257,'2016-12-01',310),(258,'2016-12-01',89),(259,'2016-12-01',47),(260,'2016-12-01',72),(261,'2016-12-01',237),(262,'2016-12-01',311),(263,'2016-12-01',275),(264,'2016-12-02',71),(265,'2016-12-02',17),(266,'2016-12-02',315),(267,'2016-12-03',104),(268,'2016-12-03',308),(269,'2016-12-03',104),(270,'2016-12-03',66),(271,'2016-12-02',96),(272,'2016-12-03',96),(273,'2016-12-03',70),(274,'2016-12-06',100),(275,'2016-12-06',104),(276,'2016-12-06',81),(277,'2016-12-06',307),(278,'2016-12-06',102),(279,'2016-12-06',261),(280,'2016-12-06',27),(281,'2016-12-06',20),(282,'2016-12-06',310),(283,'2016-12-06',53),(284,'2016-12-06',72),(285,'2016-12-07',0),(286,'2016-12-07',165),(287,'2016-12-07',52),(288,'2016-12-07',72),(289,'2016-12-07',48),(290,'2016-12-07',104),(291,'2016-12-07',47),(292,'2016-12-07',300),(293,'2016-12-07',53),(294,'2016-12-07',312),(295,'2016-12-07',265),(296,'2016-12-07',322),(297,'2016-12-08',27),(298,'2016-12-08',324),(299,'2016-12-08',325),(300,'2016-12-08',98),(301,'2016-12-08',325),(302,'2016-12-08',324),(303,'2016-12-09',326),(304,'2016-12-09',0),(305,'2016-12-09',327),(306,'2016-12-09',328),(307,'2016-12-09',329),(308,'2016-12-09',96),(309,'2016-12-10',96),(310,'2016-12-10',66),(311,'2016-12-10',308),(312,'2016-12-10',157),(313,'2016-12-13',20),(314,'2016-12-13',72),(315,'2016-12-13',267),(316,'2016-12-13',78),(317,'2016-12-13',52),(318,'2016-12-13',81),(319,'2016-12-13',83),(320,'2016-12-13',31),(321,'2016-12-13',104),(322,'2016-12-13',89),(323,'2016-12-13',261),(324,'2016-12-13',329),(325,'2016-12-13',74),(326,'2016-12-13',53),(327,'2016-12-13',17),(328,'2016-12-13',334),(329,'2016-12-13',48),(330,'2016-12-13',335),(331,'2016-12-14',86),(332,'2016-12-14',308),(333,'2016-12-14',78),(334,'2016-12-14',324),(335,'2016-12-14',40),(336,'2016-12-14',336),(337,'2016-12-14',337),(338,'2016-12-14',302),(339,'2016-12-14',338),(340,'2016-12-14',339),(341,'2016-12-14',104),(342,'2016-12-14',326),(343,'2016-12-15',57),(344,'2016-12-15',17),(345,'2016-12-15',244),(346,'2016-12-15',274),(347,'2016-12-15',82),(348,'2016-12-15',60),(349,'2016-12-14',0),(350,'2016-12-15',309),(351,'2016-12-15',72),(352,'2016-12-16',17),(353,'2016-12-16',72),(354,'2016-12-16',47),(355,'2016-12-16',90),(356,'2016-12-16',339),(357,'2016-12-17',17),(359,'2016-12-17',104),(360,'2016-12-17',266),(361,'2016-12-17',70),(362,'2016-12-17',89),(363,'2016-12-17',109),(364,'2016-12-17',47),(365,'2016-12-17',46),(366,'2016-12-17',296),(367,'2016-12-17',90),(368,'2016-12-17',100),(369,'2016-12-17',96),(370,'2016-12-17',256),(371,'2016-12-20',308),(372,'2016-12-20',98),(373,'2016-12-20',265),(374,'2016-12-20',120),(375,'2016-12-20',119),(376,'2016-12-20',161),(377,'2016-12-20',31),(378,'2016-12-20',266),(379,'2016-12-20',0),(380,'2016-12-20',17),(381,'2016-12-20',53),(382,'2016-12-20',349),(383,'2016-12-21',63),(384,'2016-12-21',350),(385,'2016-12-21',17),(386,'2016-12-21',96),(387,'2016-12-21',327),(388,'2016-12-21',93),(389,'2016-12-21',165),(390,'2016-12-21',274),(391,'2016-12-21',157),(392,'2016-12-20',83),(393,'2016-12-21',83),(394,'2016-12-21',91),(395,'2016-12-22',114),(396,'2016-12-23',327),(397,'2016-12-23',312),(398,'2016-12-23',96),(399,'2017-01-09',102),(400,'2017-01-09',108),(401,'2017-01-09',167),(402,'2017-01-09',161),(403,'2017-01-09',352),(404,'2017-01-09',53),(405,'2017-01-09',135),(406,'2017-01-09',266),(407,'2017-01-09',100),(408,'2017-01-09',107),(409,'2017-01-09',353),(410,'2017-01-09',107),(411,'2017-01-09',66),(412,'2017-01-10',20),(413,'2017-01-10',309),(414,'2017-01-10',104),(415,'2017-01-10',261),(416,'2017-01-10',47),(417,'2017-01-10',53),(418,'2017-01-10',100),(419,'2017-01-10',17),(420,'2017-01-10',157),(421,'2017-01-11',96),(422,'2017-01-11',17),(423,'2017-01-11',46),(424,'2017-01-11',354),(425,'2017-01-11',86),(426,'2017-01-11',90),(427,'2017-01-11',52),(428,'2017-01-11',63),(429,'2017-01-11',27),(430,'2017-01-11',267),(431,'2017-01-11',355),(432,'2017-01-11',327),(433,'2017-01-11',48),(434,'2017-01-11',329),(435,'2017-01-11',36),(436,'2017-01-11',266),(437,'2017-01-11',249),(438,'2017-01-11',349),(439,'2017-01-11',75),(440,'2017-01-11',305),(441,'2017-01-12',17),(442,'2017-01-12',312),(443,'2017-01-12',265),(444,'2017-01-12',46),(445,'2017-01-12',96),(446,'2017-01-12',356),(447,'2017-01-13',288),(448,'2017-01-13',17),(449,'2017-01-13',78),(450,'2017-01-13',76),(451,'2017-01-13',244),(452,'2017-01-13',355),(453,'2017-01-13',274),(454,'2017-01-13',327),(455,'2017-01-14',66),(456,'2016-10-01',83),(457,'2016-10-01',119),(458,'2016-10-01',104),(459,'2016-10-03',161),(460,'2016-10-03',135),(461,'2016-10-03',27),(462,'2016-10-03',102),(463,'2016-10-03',266),(464,'2017-01-14',356),(465,'2016-10-04',89),(466,'2016-10-04',165),(467,'2016-10-04',98),(468,'2016-10-04',27),(469,'2016-10-04',70),(470,'2016-10-05',165),(471,'2016-10-05',63),(472,'2016-10-05',90),(473,'2016-10-05',17),(474,'2016-10-05',250),(475,'2016-10-05',109),(476,'2016-10-05',57),(477,'2016-10-05',96),(478,'2016-10-05',87),(479,'2016-10-05',102),(480,'2016-10-05',272),(481,'2016-10-06',17),(482,'2016-10-06',78),(483,'2016-10-06',70),(484,'2016-10-06',93),(485,'2016-10-06',165),(486,'2016-10-06',154),(487,'2016-10-06',237),(488,'2016-10-06',120),(489,'2016-10-06',257),(490,'2016-10-06',238),(491,'2016-10-06',258),(492,'2016-10-11',17),(493,'2016-10-11',102),(494,'2016-10-11',72),(495,'2016-10-11',81),(496,'2016-10-11',90),(497,'2016-10-11',104),(498,'2016-10-11',89),(499,'2016-10-11',31),(500,'2016-10-11',70),(501,'2017-01-14',357),(502,'2016-10-11',165),(503,'2016-10-11',53),(504,'2016-10-12',165),(505,'2016-10-12',250),(506,'2016-10-12',47),(507,'2016-10-12',88),(508,'2016-10-12',272),(509,'2016-10-12',96),(510,'2016-10-12',109),(511,'2016-10-12',114),(512,'2016-10-12',87),(513,'2016-10-12',161),(514,'2016-10-12',48),(515,'2016-10-12',78),(516,'2016-10-12',75),(517,'2016-10-12',90),(518,'2016-10-12',99),(519,'2016-10-12',70),(520,'2016-10-12',157),(521,'2016-10-13',81),(522,'2016-10-13',147),(523,'2016-10-14',17),(524,'2016-10-14',165),(525,'2016-10-14',47),(526,'2017-01-17',20),(527,'2017-01-17',93),(528,'2017-01-17',355),(529,'2017-01-17',78),(530,'2017-01-17',104),(531,'2017-01-17',17),(532,'2017-01-17',36),(533,'2017-01-17',119),(534,'2017-01-17',89),(535,'2017-01-17',265),(536,'2017-01-18',60),(537,'2017-01-18',324),(538,'2017-01-18',31),(539,'2017-01-18',356),(540,'2017-01-18',17),(541,'2017-01-18',325),(542,'2017-01-18',338),(543,'2017-01-18',336),(544,'2017-01-18',337),(545,'2017-01-18',114),(546,'2017-01-18',255),(547,'2017-01-19',83),(548,'2017-01-19',17),(549,'2017-01-19',41),(550,'2017-01-19',274),(551,'2017-01-19',351),(552,'2017-01-19',82),(553,'2017-01-19',355),(554,'2017-01-19',358),(555,'2017-01-19',75),(556,'2017-01-19',157),(557,'2017-01-20',315),(558,'2017-01-20',15),(559,'2017-01-20',20),(561,'2017-01-20',168),(562,'2017-01-20',359),(563,'2017-01-20',63),(564,'2017-01-20',326),(565,'2017-01-20',327),(566,'2017-01-20',90),(567,'2017-01-24',20),(568,'2017-01-24',104),(569,'2017-01-24',102),(570,'2017-01-24',88),(571,'2017-01-24',89),(572,'2017-01-24',355),(573,'2017-01-24',261),(574,'2017-01-24',53),(575,'2017-01-24',17),(576,'2017-01-24',274),(577,'2017-01-24',100),(578,'2017-01-24',266),(579,'2017-01-24',119),(580,'2017-01-24',83),(581,'2017-01-25',17),(582,'2017-01-25',93),(583,'2016-10-06',360),(584,'2017-01-25',356),(585,'2017-01-25',46),(586,'2016-09-08',0),(587,'2016-09-15',0),(588,'2017-01-25',372),(589,'2016-09-22',0),(590,'2017-01-25',372),(591,'2016-09-29',0),(592,'2017-01-25',48),(593,'2016-10-06',0),(594,'2016-10-13',0),(595,'2016-10-20',0),(596,'2016-10-27',0),(597,'2016-11-03',0),(598,'2016-11-10',0),(599,'2017-01-25',90),(600,'2016-10-25',20),(601,'2016-10-25',60),(602,'2016-10-25',27),(603,'2016-10-25',100),(604,'2016-10-25',104),(605,'2016-10-25',119),(606,'2016-10-25',93),(607,'2016-10-25',260),(608,'2016-10-25',36),(609,'2016-10-11',0),(610,'2016-10-18',359),(611,'2016-10-14',71),(612,'2016-10-14',133),(613,'2016-10-14',45),(614,'2016-10-14',47),(615,'2016-10-14',31),(616,'2016-10-14',98),(617,'2016-10-14',66),(618,'2016-10-14',266),(619,'2016-10-14',90),(620,'2016-10-15',359),(621,'2016-10-15',168),(622,'2016-10-15',373),(623,'2016-10-15',374),(624,'2016-10-15',375),(625,'2016-10-15',22),(626,'2016-10-15',109),(627,'2016-10-15',168),(628,'2016-10-20',0),(629,'2017-01-25',90),(630,'2016-10-27',0),(631,'2016-11-03',0),(632,'2016-11-10',0),(633,'2016-11-17',0),(634,'2016-10-11',0),(635,'2016-10-18',0),(636,'2016-10-25',0),(637,'2016-11-01',0),(638,'2016-11-08',0),(639,'2016-10-01',0),(640,'2016-10-08',0),(641,'2016-10-15',0),(642,'2017-01-26',324),(643,'2016-10-22',0),(644,'2016-10-29',0),(645,'2016-10-24',27),(646,'2016-10-24',104),(647,'2016-10-24',90),(648,'2016-10-24',292),(649,'2016-10-24',119),(650,'2017-01-26',394),(651,'2017-01-26',394),(652,'2016-12-05',0),(653,'2017-01-26',274),(654,'2017-01-26',351),(655,'2017-01-26',355),(656,'2017-01-26',399),(657,'2017-01-26',372),(658,'2017-01-26',372);
/*!40000 ALTER TABLE `visitdate` ENABLE KEYS */;
UNLOCK TABLES;

--
-- Table structure for table `visitevent`
--

DROP TABLE IF EXISTS `visitevent`;
/*!40101 SET @saved_cs_client     = @@character_set_client */;
/*!40101 SET character_set_client = utf8 */;
CREATE TABLE `visitevent` (
  `visitid` int(11) DEFAULT NULL,
  `eventid` int(11) DEFAULT NULL,
  `instanceid` int(11) DEFAULT NULL,
  UNIQUE KEY `visitid` (`visitid`,`eventid`)
) ENGINE=InnoDB DEFAULT CHARSET=utf8;
/*!40101 SET character_set_client = @saved_cs_client */;

--
-- Dumping data for table `visitevent`
--

LOCK TABLES `visitevent` WRITE;
/*!40000 ALTER TABLE `visitevent` DISABLE KEYS */;
INSERT INTO `visitevent` VALUES (2,7,0),(2,28,0),(2,29,0),(3,7,0),(3,1,10),(4,7,0),(4,1,10),(5,7,0),(6,1,10),(7,1,10),(8,7,0),(9,5,30),(10,5,30),(11,7,0),(11,29,0),(11,5,30),(12,7,0),(12,5,30),(13,28,0),(13,29,0),(14,7,0),(15,7,0),(16,7,0),(17,7,0),(18,7,0),(19,7,0),(20,7,0),(21,7,0),(22,7,0),(22,5,31),(23,7,0),(23,5,31),(23,16,70),(1,7,0),(24,7,0),(24,16,70),(25,7,0),(26,7,0),(26,16,70),(27,7,0),(27,29,0),(28,7,0),(29,7,0),(30,7,0),(30,29,0),(31,7,0),(34,7,0),(34,29,0),(35,7,0),(36,20,81),(37,20,81),(37,31,183),(38,7,0),(38,20,81),(38,31,183),(33,7,0),(33,20,81),(32,7,0),(32,29,0),(39,7,0),(39,31,183),(40,28,0),(40,29,0),(41,7,0),(42,7,0),(42,29,0),(43,7,0),(43,12,65),(44,7,0),(45,7,0),(45,12,65),(46,12,65),(47,12,65),(48,12,65),(49,12,65),(50,12,65),(51,7,0),(51,12,65),(52,12,65),(53,12,65),(54,12,65),(55,12,65),(56,12,65),(57,12,65),(58,12,65),(59,12,65),(60,7,0),(60,12,65),(61,29,0),(62,7,0),(62,28,0),(62,29,0),(63,7,0),(64,7,0),(65,7,0),(66,7,0),(67,7,0),(68,7,0),(68,6,172),(69,7,0),(69,29,0),(70,7,0),(70,6,172),(71,7,0),(71,22,93),(72,7,0),(72,22,93),(73,6,172),(74,7,0),(74,28,0),(74,29,0),(74,6,172),(75,7,0),(75,6,172),(76,7,0),(76,6,172),(77,7,0),(77,6,172),(78,7,0),(78,6,172),(79,7,0),(79,6,172),(80,7,0),(80,6,172),(81,6,172),(82,7,0),(82,6,172),(83,7,0),(83,6,172),(84,7,0),(85,7,0),(86,7,0),(87,5,34),(88,7,0),(88,29,0),(88,5,34),(89,7,0),(90,7,0),(90,2,14),(91,7,0),(91,2,14),(92,7,0),(92,2,14),(93,7,0),(93,2,14),(94,7,0),(94,2,14),(95,7,0),(95,2,14),(96,7,0),(96,2,14),(97,7,0),(97,2,14),(98,7,0),(98,2,14),(99,7,0),(99,2,14),(100,7,0),(100,2,14),(101,7,0),(102,7,0),(102,29,0),(103,7,0),(103,2,14),(104,7,0),(104,2,14),(105,7,0),(105,2,14),(106,7,0),(106,2,14),(107,7,0),(107,2,14),(108,7,0),(108,2,14),(109,7,0),(109,29,0),(110,7,0),(111,7,0),(112,7,0),(112,34,191),(113,7,0),(113,34,191),(114,7,0),(114,34,191),(115,7,0),(115,34,191),(116,34,191),(117,7,0),(118,32,185),(119,32,185),(120,32,185),(121,32,185),(122,32,185),(123,32,185),(124,32,185),(125,32,185),(126,32,185),(128,32,185),(127,32,185),(129,32,185),(130,7,0),(131,7,0),(132,21,88),(133,7,0),(133,21,88),(134,21,88),(135,7,0),(136,24,119),(137,24,119),(138,24,119),(139,24,119),(140,24,119),(141,7,0),(141,23,108),(142,7,0),(143,7,0),(144,7,0),(144,28,0),(144,29,0),(145,7,0),(146,7,0),(147,7,0),(148,7,0),(149,7,0),(151,8,42),(152,8,42),(155,8,42),(159,7,0),(160,7,0),(154,7,0),(154,8,42),(150,8,42),(153,7,0),(153,8,42),(156,8,42),(161,1,177),(161,27,143),(163,29,0),(163,27,143),(164,7,0),(164,27,143),(165,7,0),(165,5,36),(165,27,143),(166,7,0),(166,27,143),(167,7,0),(167,27,143),(168,7,0),(169,7,0),(169,29,0),(169,1,177),(169,27,143),(170,7,0),(170,27,143),(171,7,0),(171,27,143),(173,7,0),(173,27,143),(173,1,177),(174,7,0),(174,1,177),(174,27,143),(175,7,0),(176,7,0),(176,1,177),(176,27,143),(162,7,0),(162,27,143),(172,7,0),(172,27,143),(177,7,0),(178,7,0),(179,7,0),(179,27,143),(180,7,0),(181,7,0),(181,27,143),(182,7,0),(183,7,0),(184,7,0),(185,7,0),(185,29,0),(186,29,0),(187,7,0),(188,7,0),(188,29,0),(189,7,0),(190,7,0),(191,7,0),(192,7,0),(193,7,0),(193,1,178),(194,7,0),(195,7,0),(196,7,0),(197,7,0),(198,7,0),(199,7,0),(199,30,145),(200,7,0),(201,7,0),(202,7,0),(202,29,0),(203,7,0),(203,30,145),(204,7,0),(205,7,0),(206,7,0),(207,7,0),(207,29,0),(207,16,193),(208,7,0),(208,16,193),(209,7,0),(209,16,193),(210,7,0),(210,29,0),(211,16,193),(212,7,0),(212,16,193),(213,7,0),(213,8,39),(214,8,39),(215,8,39),(216,8,39),(217,8,39),(218,8,39),(219,8,39),(220,8,39),(221,16,193),(222,8,39),(223,8,39),(224,8,39),(225,7,0),(226,7,0),(227,7,0),(228,7,0),(229,7,0),(230,7,0),(231,7,0),(232,7,0),(233,7,0),(233,29,0),(234,7,0),(234,5,196),(235,7,0),(236,7,0),(236,1,179),(237,7,0),(238,1,179),(239,5,196),(240,7,0),(240,1,179),(241,7,0),(242,7,0),(243,7,0),(244,7,0),(245,7,0),(245,29,0),(246,7,0),(247,7,0),(247,29,0),(248,7,0),(249,7,0),(250,7,0),(251,7,0),(253,7,0),(254,7,0),(254,29,0),(255,7,0),(255,29,0),(256,7,0),(256,29,0),(257,7,0),(258,7,0),(258,28,0),(258,29,0),(259,29,0),(259,5,197),(260,29,0),(260,5,197),(261,7,0),(261,34,192),(262,7,0),(262,29,0),(263,7,0),(263,34,192),(264,7,0),(265,7,0),(266,7,0),(267,7,0),(267,29,0),(269,7,0),(270,7,0),(270,29,0),(268,7,0),(268,29,0),(271,7,0),(271,29,0),(272,7,0),(273,7,0),(275,7,0),(275,1,180),(277,7,0),(277,1,180),(278,7,0),(278,1,180),(279,7,0),(276,7,0),(276,29,0),(280,7,0),(280,1,180),(281,7,0),(282,7,0),(282,29,0),(283,5,198),(274,7,0),(274,29,0),(274,1,180),(284,7,0),(284,5,198),(286,7,0),(287,7,0),(287,13,66),(288,7,0),(288,13,66),(289,7,0),(289,13,66),(290,7,0),(290,13,66),(291,7,0),(292,7,0),(292,13,66),(293,7,0),(294,7,0),(294,13,66),(295,7,0),(296,7,0),(297,7,0),(298,7,0),(299,7,0),(300,7,0),(301,7,0),(302,7,0),(305,7,0),(306,7,0),(306,6,175),(303,7,0),(308,7,0),(308,6,175),(307,7,0),(307,6,175),(309,7,0),(310,7,0),(310,29,0),(311,7,0),(312,29,0),(314,7,0),(314,5,200),(314,27,223),(315,7,0),(315,27,223),(316,7,0),(316,27,223),(317,7,0),(317,27,223),(318,7,0),(319,7,0),(319,27,223),(320,7,0),(320,27,223),(322,7,0),(322,29,0),(322,27,223),(323,7,0),(324,7,0),(324,27,223),(325,7,0),(325,27,223),(326,7,0),(326,5,200),(326,27,223),(327,7,0),(328,7,0),(328,27,223),(313,7,0),(313,27,223),(321,7,0),(321,29,0),(321,27,0),(329,7,0),(329,27,223),(330,7,0),(330,27,223),(331,7,0),(332,7,0),(333,7,0),(333,29,0),(334,7,0),(335,7,0),(336,7,0),(337,7,0),(338,7,0),(338,29,0),(339,7,0),(340,7,0),(341,7,0),(341,14,68),(342,7,0),(343,7,0),(344,7,0),(345,7,0),(346,7,0),(347,7,0),(348,29,0),(252,13,66),(285,14,67),(350,7,0),(351,7,0),(351,5,201),(349,14,68),(304,15,69),(352,7,0),(353,7,0),(353,35,0),(354,7,0),(354,35,0),(355,7,0),(356,7,0),(357,7,0),(361,7,0),(362,7,0),(363,7,0),(364,7,0),(365,7,0),(366,7,0),(367,7,0),(368,7,0),(369,7,0),(359,7,0),(360,7,0),(370,7,0),(371,7,0),(371,29,0),(372,7,0),(372,29,0),(373,7,0),(374,7,0),(374,18,72),(375,7,0),(375,19,75),(376,7,0),(376,5,202),(376,19,75),(377,7,0),(377,18,72),(378,7,0),(378,18,72),(378,19,75),(379,18,72),(380,7,0),(381,7,0),(381,5,202),(381,18,72),(382,7,0),(382,29,0),(383,7,0),(383,18,73),(384,7,0),(385,7,0),(386,7,0),(387,7,0),(388,7,0),(389,7,0),(389,29,0),(390,7,0),(391,7,0),(392,7,0),(392,18,72),(392,19,75),(393,7,0),(393,18,73),(394,7,0),(394,18,73),(395,7,0),(396,7,0),(397,7,0),(398,7,0),(399,8,44),(400,8,44),(401,7,0),(401,8,44),(402,7,0),(402,8,44),(403,8,44),(404,8,44),(405,8,44),(406,7,0),(406,8,44),(407,8,44),(408,8,44),(409,7,0),(409,8,44),(410,8,44),(411,8,44),(412,7,0),(412,1,225),(413,7,0),(414,7,0),(414,1,225),(415,7,0),(416,7,0),(417,5,204),(418,7,0),(418,29,0),(418,1,225),(418,5,204),(419,7,0),(420,7,0),(421,7,0),(421,2,15),(422,7,0),(423,7,0),(423,2,15),(424,7,0),(424,29,0),(424,2,15),(426,7,0),(426,29,0),(426,2,15),(427,7,0),(427,2,15),(425,7,0),(425,29,0),(428,7,0),(429,7,0),(429,29,0),(429,2,15),(430,7,0),(430,2,15),(431,7,0),(431,2,15),(432,7,0),(432,2,15),(433,7,0),(433,2,15),(434,7,0),(434,2,15),(435,7,0),(435,2,15),(436,7,0),(436,2,15),(437,7,0),(437,2,15),(438,7,0),(438,29,0),(439,7,0),(440,7,0),(440,29,0),(441,7,0),(442,7,0),(443,7,0),(444,7,0),(444,29,0),(445,7,0),(446,7,0),(447,7,0),(448,7,0),(449,7,0),(449,29,0),(450,7,0),(450,22,214),(451,7,0),(452,7,0),(453,7,0),(454,7,0),(455,7,0),(456,7,0),(457,7,0),(458,7,0),(459,7,0),(459,8,41),(460,7,0),(460,8,41),(461,7,0),(461,8,41),(462,7,0),(462,8,41),(463,7,0),(463,8,41),(464,7,0),(465,7,0),(465,29,0),(466,7,0),(466,29,0),(467,7,0),(468,7,0),(469,7,0),(470,7,0),(471,7,0),(472,7,0),(473,7,0),(474,7,0),(475,7,0),(476,7,0),(477,7,0),(478,7,0),(479,7,0),(480,7,0),(481,7,0),(482,7,0),(483,7,0),(484,7,0),(485,7,0),(486,7,0),(487,7,0),(488,7,0),(489,7,0),(490,7,0),(491,7,0),(492,7,0),(493,7,0),(493,1,9),(493,27,142),(494,7,0),(494,29,0),(494,27,142),(495,7,0),(495,27,142),(496,7,0),(496,27,142),(497,7,0),(497,1,9),(497,27,142),(498,7,0),(498,5,28),(499,7,0),(499,5,28),(499,27,142),(500,7,0),(500,27,142),(501,7,0),(502,7,0),(502,29,0),(503,7,0),(503,5,28),(503,27,142),(504,7,0),(504,29,0),(505,7,0),(505,2,13),(506,7,0),(506,2,13),(507,7,0),(507,2,13),(508,7,0),(508,2,13),(509,7,0),(509,2,13),(510,7,0),(510,2,13),(511,7,0),(511,2,13),(512,7,0),(512,2,13),(513,7,0),(513,2,13),(514,7,0),(514,2,13),(515,7,0),(515,2,13),(516,7,0),(517,7,0),(517,2,13),(518,7,0),(518,2,13),(519,7,0),(519,29,0),(520,7,0),(520,29,0),(520,2,13),(521,7,0),(521,29,0),(522,7,0),(523,7,0),(524,7,0),(524,29,0),(524,6,38),(524,26,140),(525,7,0),(525,6,38),(525,22,91),(525,26,140),(526,7,0),(526,1,226),(526,27,224),(527,7,0),(528,7,0),(529,7,0),(529,27,224),(530,7,0),(530,1,226),(531,7,0),(532,7,0),(532,1,226),(532,27,224),(533,7,0),(533,1,226),(533,27,224),(534,7,0),(534,29,0),(534,1,226),(534,27,224),(535,7,0),(536,29,0),(537,7,0),(538,7,0),(539,7,0),(540,7,0),(541,7,0),(542,7,0),(543,7,0),(544,7,0),(545,30,147),(546,7,0),(547,7,0),(547,29,0),(548,7,0),(549,7,0),(550,7,0),(551,7,0),(551,5,207),(552,7,0),(553,7,0),(554,7,0),(554,5,207),(555,7,0),(555,29,0),(556,7,0),(556,29,0),(557,7,0),(561,7,0),(561,20,0),(558,7,0),(558,20,0),(562,7,0),(562,20,0),(563,7,0),(563,22,245),(564,7,0),(564,22,245),(566,7,0),(559,7,0),(559,29,0),(559,20,0),(565,7,0),(565,29,0),(567,1,227),(568,7,0),(568,1,227),(569,1,227),(570,7,0),(571,7,0),(571,1,227),(572,7,0),(573,7,0),(574,7,0),(574,5,233),(575,7,0),(576,7,0),(577,7,0),(577,1,227),(578,7,0),(578,1,227),(579,7,0),(580,7,0),(581,7,0),(582,7,0),(583,25,133),(584,7,0),(585,7,0),(586,25,129),(587,25,130),(588,7,0),(589,25,131),(590,7,0),(591,25,132),(592,7,0),(593,25,133),(594,25,134),(595,25,135),(596,25,136),(597,25,137),(598,25,138),(599,7,0),(600,7,0),(600,1,11),(601,7,0),(601,29,0),(602,7,0),(602,1,11),(603,7,0),(603,1,11),(604,7,0),(604,1,11),(605,7,0),(605,1,11),(606,7,0),(607,7,0),(607,29,0),(608,7,0),(608,1,11),(609,27,142),(610,7,0),(611,7,0),(611,6,38),(611,26,140),(612,7,0),(612,6,38),(612,26,140),(613,7,0),(613,6,38),(613,26,140),(614,7,0),(614,29,0),(614,6,38),(614,22,91),(615,7,0),(615,6,38),(615,26,140),(616,7,0),(616,6,38),(616,26,140),(617,7,0),(617,6,38),(617,26,140),(618,7,0),(618,6,38),(618,26,140),(619,7,0),(619,6,38),(619,26,140),(620,7,0),(621,7,0),(622,7,0),(623,7,0),(624,7,0),(625,7,0),(626,7,0),(627,7,0),(629,7,0),(628,10,55),(630,10,56),(631,10,57),(632,10,58),(633,10,59),(634,4,22),(635,4,23),(636,4,24),(637,4,26),(638,4,27),(639,9,50),(640,9,51),(641,9,52),(642,7,0),(643,9,53),(644,9,54),(645,7,0),(645,30,163),(646,7,0),(646,30,163),(647,7,0),(647,30,163),(648,7,0),(648,30,163),(649,7,0),(649,30,163),(650,7,0),(651,7,0),(652,8,43),(653,7,0),(654,7,0),(655,7,0),(656,7,0),(656,5,234),(657,7,0),(658,7,0);
/*!40000 ALTER TABLE `visitevent` ENABLE KEYS */;
UNLOCK TABLES;

--
-- Table structure for table `visitpatron`
--

DROP TABLE IF EXISTS `visitpatron`;
/*!40101 SET @saved_cs_client     = @@character_set_client */;
/*!40101 SET character_set_client = utf8 */;
CREATE TABLE `visitpatron` (
  `visitid` int(11) DEFAULT NULL,
  `patronid` int(11) DEFAULT NULL,
  UNIQUE KEY `visitid` (`visitid`,`patronid`)
) ENGINE=InnoDB DEFAULT CHARSET=utf8;
/*!40101 SET character_set_client = @saved_cs_client */;

--
-- Dumping data for table `visitpatron`
--

LOCK TABLES `visitpatron` WRITE;
/*!40000 ALTER TABLE `visitpatron` DISABLE KEYS */;
INSERT INTO `visitpatron` VALUES (1,40),(1,43),(2,626),(2,627),(3,628),(3,629),(3,630),(4,65),(4,631),(4,632),(5,189),(5,192),(5,193),(6,51),(6,141),(6,142),(7,215),(7,216),(8,378),(8,522),(9,105),(9,108),(10,634),(10,635),(11,207),(11,209),(12,378),(12,522),(13,568),(14,242),(14,528),(15,51),(15,142),(16,168),(16,170),(17,323),(17,324),(18,221),(18,222),(19,40),(19,43),(20,92),(20,94),(21,40),(21,43),(22,162),(22,164),(22,165),(23,143),(23,144),(24,636),(25,637),(26,221),(26,223),(27,370),(27,510),(28,203),(29,202),(30,155),(30,156),(30,157),(31,370),(31,371),(32,40),(32,43),(33,402),(33,638),(33,639),(34,597),(34,598),(35,132),(35,133),(35,134),(36,388),(36,390),(36,391),(37,349),(37,350),(37,351),(38,44),(38,46),(38,47),(39,536),(39,538),(39,539),(39,540),(40,586),(41,640),(41,641),(42,143),(42,144),(43,51),(43,141),(43,142),(44,105),(44,107),(44,108),(45,84),(45,85),(45,86),(46,136),(46,137),(46,138),(46,139),(46,140),(47,207),(47,208),(47,209),(47,547),(48,178),(48,180),(49,34),(49,35),(49,36),(49,37),(50,642),(50,643),(50,644),(51,372),(51,373),(51,374),(52,647),(52,648),(52,650),(53,92),(53,94),(53,651),(54,654),(54,655),(55,656),(55,657),(55,658),(55,659),(56,660),(56,661),(57,38),(57,122),(58,68),(58,662),(58,663),(58,664),(59,44),(59,46),(59,47),(60,597),(60,598),(61,358),(61,359),(62,162),(62,165),(63,665),(63,666),(64,203),(64,204),(65,40),(65,41),(65,42),(65,43),(66,102),(66,103),(66,104),(67,233),(67,235),(68,201),(68,202),(68,203),(68,204),(69,323),(70,55),(70,56),(70,117),(70,118),(70,667),(71,153),(72,120),(72,121),(73,143),(73,144),(74,136),(74,137),(74,138),(74,139),(74,140),(75,182),(75,183),(75,184),(76,660),(76,661),(77,51),(77,141),(77,142),(78,145),(78,146),(78,147),(78,148),(79,77),(79,78),(80,162),(80,164),(80,165),(81,185),(82,668),(82,669),(83,647),(83,648),(83,649),(84,189),(84,192),(84,193),(85,182),(85,184),(86,65),(86,631),(87,105),(87,108),(88,51),(88,141),(88,142),(89,40),(89,43),(90,323),(90,324),(91,72),(92,119),(93,88),(93,89),(93,90),(94,182),(94,184),(95,670),(95,671),(96,203),(96,204),(97,672),(97,673),(97,674),(98,675),(98,676),(99,63),(99,64),(99,109),(100,51),(100,141),(100,142),(101,159),(101,677),(102,568),(103,597),(103,598),(104,150),(104,151),(105,171),(105,174),(105,602),(105,603),(106,92),(106,94),(106,651),(107,155),(107,156),(107,157),(108,548),(108,549),(108,550),(109,370),(109,510),(110,40),(110,43),(111,102),(111,103),(111,104),(112,51),(112,142),(113,535),(114,535),(114,678),(115,349),(115,350),(115,351),(116,679),(117,40),(117,43),(118,680),(119,681),(120,682),(121,683),(122,684),(123,685),(124,686),(125,687),(126,688),(126,689),(127,690),(127,693),(128,691),(128,692),(129,694),(130,695),(130,696),(130,697),(131,203),(131,204),(132,698),(133,699),(134,700),(135,389),(135,390),(135,391),(136,271),(136,272),(137,182),(137,183),(137,184),(138,273),(138,706),(139,707),(140,708),(141,88),(141,89),(141,90),(141,289),(141,709),(141,710),(142,55),(142,56),(142,117),(142,118),(142,667),(143,207),(143,208),(143,209),(143,547),(144,136),(144,137),(144,138),(144,139),(144,140),(145,711),(145,712),(145,713),(145,714),(146,715),(146,716),(146,717),(147,718),(147,719),(147,720),(148,721),(148,722),(148,723),(149,102),(149,103),(149,104),(150,215),(151,378),(152,232),(153,105),(154,51),(154,142),(155,724),(155,725),(156,211),(159,189),(159,192),(159,193),(160,41),(160,43),(161,44),(161,46),(161,47),(162,182),(162,184),(163,143),(163,144),(164,155),(164,156),(164,157),(165,628),(165,629),(165,630),(166,378),(166,522),(167,675),(167,676),(168,105),(168,108),(169,178),(169,180),(170,654),(171,726),(171,727),(172,87),(172,88),(172,89),(172,90),(173,211),(173,212),(173,213),(174,65),(174,631),(174,632),(175,728),(175,729),(176,51),(176,141),(176,142),(177,160),(177,161),(178,597),(178,598),(179,92),(179,94),(180,203),(180,204),(181,229),(181,230),(182,730),(182,731),(183,548),(183,549),(183,550),(184,293),(184,296),(184,297),(185,568),(186,358),(186,359),(187,92),(187,651),(188,114),(188,115),(189,370),(189,510),(190,182),(190,184),(191,626),(191,627),(191,734),(192,40),(192,43),(193,51),(193,141),(193,142),(194,105),(194,108),(195,38),(195,122),(196,378),(196,522),(197,642),(197,643),(197,644),(198,735),(198,736),(199,51),(199,141),(199,142),(200,40),(200,43),(201,84),(201,85),(201,86),(202,597),(202,598),(203,242),(203,528),(204,370),(204,510),(205,203),(206,40),(206,43),(207,143),(207,144),(208,51),(208,141),(208,142),(209,636),(210,207),(210,208),(210,209),(210,547),(211,232),(212,737),(213,51),(213,142),(214,211),(215,215),(216,58),(217,232),(218,280),(219,289),(220,254),(221,323),(222,293),(223,287),(224,501),(225,40),(225,43),(226,87),(226,88),(227,89),(227,90),(227,289),(228,695),(228,696),(228,697),(229,51),(229,141),(229,142),(230,202),(231,222),(231,223),(231,224),(232,203),(233,127),(233,128),(233,129),(234,51),(234,141),(234,142),(235,40),(235,43),(236,221),(236,223),(237,84),(237,85),(237,86),(238,215),(238,216),(239,105),(239,108),(240,739),(240,740),(240,741),(241,642),(241,643),(241,644),(242,358),(242,359),(243,40),(243,43),(244,189),(244,192),(244,193),(245,743),(245,744),(246,55),(246,117),(246,118),(246,667),(247,597),(247,598),(248,207),(248,208),(248,209),(248,547),(249,182),(249,184),(250,168),(250,170),(251,40),(251,43),(252,51),(252,55),(252,87),(252,88),(252,89),(252,90),(252,92),(252,103),(252,104),(252,105),(252,107),(252,108),(252,117),(252,118),(252,141),(252,142),(252,143),(252,144),(252,165),(252,178),(252,180),(252,221),(252,223),(252,233),(252,236),(252,349),(252,350),(252,351),(252,631),(252,642),(252,643),(252,644),(252,667),(252,672),(252,673),(252,674),(252,724),(252,725),(252,739),(252,740),(252,741),(252,753),(252,754),(253,207),(253,208),(253,209),(253,547),(254,745),(254,746),(255,114),(255,115),(256,116),(257,747),(257,748),(258,178),(258,180),(259,87),(259,88),(259,89),(259,90),(259,289),(260,143),(260,144),(261,535),(261,678),(262,749),(263,679),(264,136),(264,139),(265,40),(265,43),(266,762),(266,763),(266,764),(267,222),(267,223),(267,224),(268,742),(268,743),(268,744),(269,221),(270,127),(270,128),(270,129),(271,202),(271,203),(272,203),(273,576),(273,577),(274,212),(274,213),(274,767),(275,221),(275,223),(276,628),(276,629),(276,630),(277,739),(277,740),(277,741),(278,215),(278,216),(279,634),(279,635),(279,766),(280,51),(280,141),(280,142),(281,44),(281,45),(281,46),(282,747),(282,748),(283,105),(283,108),(284,143),(284,144),(285,77),(285,78),(285,182),(285,183),(285,233),(285,235),(285,236),(285,273),(285,755),(285,756),(285,757),(285,768),(285,769),(285,770),(285,771),(285,772),(285,774),(285,775),(285,776),(285,777),(285,778),(285,779),(285,780),(285,819),(285,820),(285,822),(285,823),(285,824),(285,825),(285,826),(285,827),(285,828),(285,829),(286,370),(286,510),(287,102),(287,103),(287,104),(288,143),(288,144),(289,92),(289,94),(289,651),(290,221),(290,223),(291,87),(291,88),(291,89),(291,90),(292,724),(292,725),(292,750),(293,105),(293,107),(293,108),(294,753),(294,754),(295,642),(295,643),(295,644),(296,776),(296,777),(296,778),(297,51),(297,141),(297,142),(298,781),(298,782),(299,783),(300,207),(300,208),(300,209),(300,547),(301,783),(301,784),(301,785),(302,781),(302,782),(303,786),(303,787),(304,273),(304,310),(304,755),(304,756),(304,796),(304,797),(304,798),(304,799),(304,800),(304,801),(304,802),(304,803),(304,804),(304,805),(304,848),(304,849),(304,850),(304,851),(304,852),(304,853),(305,788),(305,789),(305,790),(306,792),(306,793),(307,794),(307,795),(308,202),(309,203),(310,127),(310,128),(311,742),(311,744),(312,358),(312,359),(313,44),(313,45),(313,46),(313,47),(314,143),(314,144),(315,654),(315,655),(316,155),(316,156),(316,157),(317,102),(317,103),(317,104),(318,628),(318,629),(318,630),(319,162),(319,163),(319,165),(320,55),(320,117),(320,118),(320,667),(321,221),(321,223),(322,178),(322,180),(323,634),(323,635),(323,766),(324,794),(324,795),(325,145),(325,146),(326,105),(326,107),(326,108),(327,40),(327,43),(328,806),(328,807),(329,92),(329,94),(330,808),(330,809),(331,168),(331,170),(332,743),(332,744),(333,155),(333,156),(333,157),(334,781),(334,782),(335,71),(335,554),(335,555),(336,810),(336,811),(337,812),(337,813),(337,814),(338,728),(338,729),(339,815),(339,816),(340,817),(340,818),(341,221),(341,222),(341,223),(342,786),(342,787),(343,567),(344,40),(344,43),(345,548),(345,549),(345,550),(346,675),(346,676),(347,677),(348,114),(348,115),(348,116),(349,178),(349,179),(349,201),(349,202),(349,221),(349,222),(349,224),(349,258),(349,259),(349,260),(349,646),(349,647),(349,648),(349,758),(349,759),(349,760),(349,761),(349,773),(349,834),(349,835),(349,839),(349,840),(349,841),(349,842),(349,843),(349,844),(349,845),(349,846),(349,847),(350,745),(350,746),(351,143),(351,144),(352,40),(352,43),(353,143),(353,144),(354,87),(354,88),(354,89),(354,90),(354,289),(355,182),(355,184),(356,818),(356,854),(357,40),(357,41),(357,42),(357,43),(359,221),(359,222),(359,223),(359,224),(360,646),(360,647),(360,648),(360,649),(361,576),(361,577),(362,178),(362,179),(362,180),(362,181),(363,233),(363,235),(363,236),(364,89),(364,90),(364,289),(365,84),(365,85),(365,86),(366,711),(366,712),(366,713),(366,714),(367,182),(367,183),(367,184),(367,185),(368,212),(368,213),(368,767),(369,202),(369,203),(370,615),(370,616),(370,617),(371,743),(371,744),(372,207),(372,208),(372,209),(372,547),(373,642),(373,643),(373,644),(374,254),(374,855),(375,250),(375,252),(375,253),(376,378),(376,522),(376,856),(377,55),(377,117),(377,118),(377,667),(377,857),(378,646),(378,647),(378,648),(379,81),(380,40),(380,43),(381,105),(381,107),(381,108),(382,858),(383,119),(383,120),(384,859),(384,860),(384,861),(385,40),(385,43),(386,203),(387,789),(387,790),(388,189),(388,192),(388,193),(389,370),(389,510),(390,675),(390,676),(391,358),(391,359),(392,162),(393,162),(394,186),(394,187),(395,242),(395,528),(396,788),(396,789),(396,790),(397,752),(397,753),(397,754),(398,202),(399,215),(400,232),(401,372),(402,378),(402,856),(403,863),(404,105),(405,280),(406,646),(407,211),(407,864),(408,293),(409,865),(410,293),(411,127),(412,46),(412,47),(413,745),(413,746),(414,221),(414,223),(415,634),(415,635),(415,766),(416,87),(416,88),(416,89),(416,90),(417,105),(417,107),(417,108),(418,211),(418,212),(418,213),(418,864),(419,40),(419,43),(420,358),(420,359),(421,203),(422,40),(422,43),(423,84),(423,85),(423,86),(424,866),(424,867),(425,168),(425,170),(426,182),(426,184),(427,102),(427,103),(427,104),(428,119),(428,120),(429,51),(429,142),(430,654),(430,655),(431,868),(431,869),(432,789),(432,790),(433,92),(433,94),(434,794),(434,795),(435,65),(435,631),(435,632),(436,646),(436,647),(436,648),(437,586),(437,587),(438,858),(439,150),(439,151),(440,735),(440,736),(441,40),(441,43),(442,751),(443,642),(443,643),(443,644),(444,84),(445,203),(446,870),(446,871),(447,695),(447,696),(447,697),(448,40),(448,43),(449,155),(449,156),(449,157),(450,153),(451,548),(451,549),(451,550),(452,868),(452,869),(453,675),(453,676),(454,789),(454,790),(455,128),(455,129),(456,162),(456,164),(456,165),(457,250),(457,252),(458,221),(458,222),(458,223),(459,378),(460,280),(461,51),(462,215),(463,646),(464,870),(464,871),(465,178),(466,370),(466,510),(467,207),(467,208),(467,209),(467,547),(468,51),(468,141),(468,142),(469,576),(469,577),(470,370),(470,510),(471,119),(471,120),(471,121),(472,182),(472,184),(473,40),(473,43),(474,501),(474,591),(475,233),(475,236),(476,568),(477,203),(478,171),(478,173),(478,174),(478,602),(479,215),(479,216),(480,670),(480,671),(481,40),(481,43),(482,155),(482,156),(482,157),(483,576),(483,577),(484,189),(484,190),(484,191),(484,192),(484,193),(485,370),(485,510),(486,349),(486,350),(486,351),(487,535),(488,254),(488,855),(489,618),(490,538),(491,621),(492,40),(492,43),(493,215),(493,216),(493,217),(493,218),(494,143),(494,144),(495,628),(495,629),(495,630),(496,182),(496,184),(497,221),(497,222),(497,223),(498,178),(499,55),(499,117),(499,118),(499,667),(500,576),(500,577),(501,873),(501,874),(501,875),(501,876),(502,370),(502,510),(503,105),(503,107),(503,108),(504,370),(504,510),(505,501),(505,589),(505,590),(505,591),(505,592),(506,87),(506,88),(506,89),(506,90),(507,599),(507,600),(508,670),(508,671),(509,203),(509,204),(510,233),(510,235),(510,236),(511,242),(511,528),(512,171),(512,173),(512,174),(512,602),(512,603),(513,378),(513,522),(513,856),(514,92),(514,94),(515,155),(515,156),(515,157),(516,149),(516,151),(516,158),(517,182),(517,184),(518,597),(518,598),(519,576),(519,577),(520,358),(520,359),(521,628),(521,629),(521,630),(522,323),(522,324),(523,40),(523,43),(524,370),(524,510),(525,89),(525,90),(525,289),(526,44),(526,46),(526,47),(527,189),(527,192),(527,193),(528,868),(528,869),(529,155),(529,156),(529,157),(530,221),(530,222),(530,223),(531,40),(531,43),(532,65),(532,631),(532,632),(533,250),(533,252),(533,253),(534,178),(534,180),(535,642),(535,643),(535,644),(536,114),(537,781),(537,782),(538,55),(538,117),(538,118),(538,667),(539,870),(539,871),(540,40),(540,43),(541,783),(541,784),(541,785),(542,815),(542,816),(543,810),(543,811),(544,812),(544,813),(544,814),(545,242),(545,528),(546,609),(546,611),(546,612),(547,162),(547,165),(548,40),(548,43),(549,72),(550,675),(550,676),(551,862),(552,159),(552,677),(553,868),(553,869),(554,877),(554,878),(555,149),(556,358),(556,359),(557,762),(557,763),(557,764),(558,122),(559,44),(559,45),(559,46),(559,47),(561,388),(561,390),(561,391),(562,879),(563,120),(563,121),(564,786),(564,787),(565,788),(565,789),(565,790),(566,182),(566,183),(567,44),(567,46),(567,47),(568,221),(568,223),(569,215),(569,216),(570,599),(570,600),(570,601),(571,178),(571,180),(572,868),(572,869),(573,634),(573,635),(573,766),(574,105),(574,107),(574,108),(575,40),(575,43),(576,675),(576,676),(577,211),(577,212),(577,213),(577,864),(578,646),(578,647),(578,648),(579,250),(579,252),(579,253),(580,162),(580,165),(581,40),(581,43),(582,189),(582,192),(582,193),(583,882),(583,883),(584,870),(584,871),(585,84),(585,85),(585,86),(586,178),(586,181),(586,211),(586,250),(586,251),(586,884),(586,885),(586,886),(586,887),(586,888),(586,889),(586,892),(586,893),(586,894),(587,178),(587,181),(587,211),(587,767),(587,884),(587,885),(587,886),(587,887),(587,888),(587,889),(587,892),(587,893),(587,894),(588,895),(589,178),(589,181),(589,211),(589,250),(589,251),(589,767),(589,885),(589,888),(589,889),(589,892),(589,893),(589,894),(590,895),(591,178),(591,181),(591,250),(591,251),(591,767),(591,884),(591,885),(591,886),(591,888),(591,889),(591,892),(591,893),(591,894),(592,92),(592,94),(592,651),(593,181),(593,211),(593,250),(593,251),(593,767),(593,884),(593,886),(593,888),(593,889),(593,893),(593,894),(594,178),(594,181),(594,211),(594,767),(594,884),(594,885),(594,886),(594,888),(594,892),(595,178),(595,211),(595,767),(595,884),(595,885),(595,887),(595,888),(595,889),(595,893),(595,894),(596,178),(596,211),(596,767),(596,885),(596,886),(596,887),(596,888),(596,893),(596,894),(597,211),(597,767),(597,887),(597,893),(597,894),(598,178),(598,885),(598,886),(598,887),(598,888),(598,893),(598,894),(599,182),(599,183),(599,184),(600,44),(600,46),(600,47),(601,114),(601,115),(602,51),(602,141),(602,142),(603,211),(603,212),(603,213),(604,221),(604,223),(605,250),(605,252),(605,253),(606,189),(606,191),(606,192),(607,626),(607,627),(608,65),(608,631),(608,632),(609,44),(609,45),(609,46),(609,65),(609,92),(609,94),(609,186),(609,187),(609,191),(609,193),(609,211),(609,212),(609,213),(609,285),(609,286),(609,524),(609,526),(609,631),(609,632),(609,646),(609,647),(609,648),(610,879),(611,136),(611,137),(612,278),(613,81),(613,82),(614,88),(614,89),(614,90),(614,289),(614,710),(615,55),(615,56),(615,117),(615,118),(616,207),(616,208),(616,209),(616,547),(617,127),(617,128),(618,646),(618,647),(618,648),(619,182),(619,183),(619,184),(619,185),(620,879),(620,880),(621,388),(621,389),(621,390),(622,899),(623,900),(624,901),(625,49),(626,233),(626,235),(626,236),(627,389),(628,65),(628,162),(628,163),(628,201),(628,204),(628,207),(628,208),(628,242),(628,289),(628,378),(628,902),(628,903),(628,904),(629,185),(630,65),(630,162),(630,204),(630,207),(630,208),(630,289),(630,902),(630,903),(631,204),(631,207),(631,208),(631,242),(631,902),(631,903),(632,65),(632,204),(632,207),(632,208),(632,242),(632,289),(632,904),(633,65),(633,201),(633,204),(633,207),(633,208),(633,242),(633,289),(633,903),(633,904),(634,136),(634,137),(634,178),(634,181),(634,233),(634,877),(634,905),(634,906),(634,907),(634,908),(634,909),(634,910),(634,911),(634,912),(634,913),(634,914),(635,136),(635,137),(635,178),(635,181),(635,233),(635,877),(635,905),(635,906),(635,907),(635,908),(635,909),(635,910),(635,912),(635,913),(635,914),(636,136),(636,137),(636,178),(636,181),(636,233),(636,877),(636,905),(636,906),(636,907),(636,908),(636,909),(636,910),(636,912),(636,913),(636,914),(636,915),(637,136),(637,137),(637,178),(637,181),(637,233),(637,905),(637,906),(637,908),(637,910),(637,911),(637,914),(637,915),(638,136),(638,137),(638,233),(638,877),(638,908),(638,909),(638,910),(638,912),(638,913),(638,914),(638,915),(638,916),(639,733),(639,917),(639,918),(639,919),(639,920),(639,921),(640,733),(640,917),(640,918),(640,919),(640,920),(641,733),(641,917),(641,918),(641,919),(641,920),(642,781),(642,782),(643,733),(643,917),(643,918),(643,920),(643,921),(644,733),(644,920),(645,51),(645,141),(645,142),(646,221),(646,222),(646,223),(646,224),(647,182),(647,183),(647,184),(647,185),(648,701),(648,702),(648,703),(648,704),(649,250),(649,251),(649,252),(649,253),(650,922),(651,922),(652,51),(652,105),(652,127),(652,215),(652,232),(652,254),(652,280),(652,293),(652,372),(652,644),(652,710),(652,923),(652,924),(653,675),(653,676),(654,862),(655,868),(655,869),(656,929),(656,930),(657,895),(658,931);
/*!40000 ALTER TABLE `visitpatron` ENABLE KEYS */;
UNLOCK TABLES;

--
-- Table structure for table `yesno`
--

DROP TABLE IF EXISTS `yesno`;
/*!40101 SET @saved_cs_client     = @@character_set_client */;
/*!40101 SET character_set_client = utf8 */;
CREATE TABLE `yesno` (
  `id` int(11) NOT NULL,
  `yesno` varchar(30) DEFAULT NULL,
  `display` tinyint(1) DEFAULT '1',
  PRIMARY KEY (`id`)
) ENGINE=InnoDB DEFAULT CHARSET=utf8;
/*!40101 SET character_set_client = @saved_cs_client */;

--
-- Dumping data for table `yesno`
--

LOCK TABLES `yesno` WRITE;
/*!40000 ALTER TABLE `yesno` DISABLE KEYS */;
INSERT INTO `yesno` VALUES (0,'No Answer',0),(1,'Yes',1),(2,'No',1);
/*!40000 ALTER TABLE `yesno` ENABLE KEYS */;
UNLOCK TABLES;

--
-- Final view structure for view `Events`
--

/*!50001 DROP VIEW IF EXISTS `Events`*/;
/*!50001 SET @saved_cs_client          = @@character_set_client */;
/*!50001 SET @saved_cs_results         = @@character_set_results */;
/*!50001 SET @saved_col_connection     = @@collation_connection */;
/*!50001 SET character_set_client      = utf8mb4 */;
/*!50001 SET character_set_results     = utf8mb4 */;
/*!50001 SET collation_connection      = utf8mb4_general_ci */;
/*!50001 CREATE ALGORITHM=UNDEFINED */
/*!50013 DEFINER=`root`@`%` SQL SECURITY DEFINER */
/*!50001 VIEW `Events` AS select `event`.`name` AS `name`,`eventinstance`.`name` AS `name_0`,`eventsession`.`name` AS `name_1` from ((`event` left join `eventinstance` on((`event`.`id` = `eventinstance`.`eventid`))) left join `eventsession` on((`event`.`id` = `eventsession`.`eventid`))) order by `event`.`id`,`event`.`id`,`event`.`id` */;
/*!50001 SET character_set_client      = @saved_cs_client */;
/*!50001 SET character_set_results     = @saved_cs_results */;
/*!50001 SET collation_connection      = @saved_col_connection */;
SET @@SESSION.SQL_LOG_BIN = @MYSQLDUMP_TEMP_LOG_BIN;
/*!40103 SET TIME_ZONE=@OLD_TIME_ZONE */;

/*!40101 SET SQL_MODE=@OLD_SQL_MODE */;
/*!40014 SET FOREIGN_KEY_CHECKS=@OLD_FOREIGN_KEY_CHECKS */;
/*!40014 SET UNIQUE_CHECKS=@OLD_UNIQUE_CHECKS */;
/*!40101 SET CHARACTER_SET_CLIENT=@OLD_CHARACTER_SET_CLIENT */;
/*!40101 SET CHARACTER_SET_RESULTS=@OLD_CHARACTER_SET_RESULTS */;
/*!40101 SET COLLATION_CONNECTION=@OLD_COLLATION_CONNECTION */;
/*!40111 SET SQL_NOTES=@OLD_SQL_NOTES */;

-- Dump completed on 2017-01-26 10:57:41
